"","ID","format.Y..digits...3.","A","W1","W2","W3","W4","W5","W6","W7","W8","W9","W10","W11","W12","W13","W14","W15","W16","W17","W18","W19","W20","W21","W22","W23","W24","W25"
"1","ID1"," 8.7091",0,"A","A","A","A","1","1"," 5.50697"," 5.5656"," 6"," 1.03221","  1.2132"," 12.26061","11.19511","12.61413","  7.7919","13.03498","14.4310","11.2294","22.8004","  2.4240"," 8.7250"," 8.018","16.348"," 10.6691","26.09085"
"2","ID2","14.0443",1,"A","A","A","A","0","0"," 2.07321"," 5.9418","11"," 0.61411","  0.8152","-14.07846"," 8.52374","21.33864","  3.6680","-1.56107"," 9.8093"," 3.9151"," 3.0871"," -3.8049"," 2.1522"," 8.342","15.655","  5.6609","19.16000"
"3","ID3"," 9.3014",1,"C","B","C","A","1","0"," 4.64662"," 6.3216"," 5","-0.04948"," -1.0562","  3.75063"," 5.70339"," 9.42399","  4.2533"," 1.63617"," 5.3635","10.4350"," 5.5206"," -3.1575"," 8.3818"," 4.446","11.685","  6.7561"," 9.48171"
"4","ID4"," 8.1700",1,"B","A","B","A","0","1"," 1.75935"," 1.3887"," 3","-1.76225"," -3.3396"," -3.25682"," 3.33141","10.05068","  0.5867","12.77371"," 4.0750"," 2.9376"," 5.1818"," -0.4825"," 4.1366"," 2.557"," 5.504","  0.9587","25.20679"
"5","ID5"," 7.3869",0,"C","C","B","C","1","0"," 5.75311"," 6.8198"," 3"," 2.16728","  6.2503"," 14.17196"," 6.91916"," 6.98355","  8.9522"," 5.22743"," 5.0215"," 8.3427","12.8552"," -1.6002"," 7.5649"," 5.367","12.721"," 12.2586","11.62844"
"6","ID6","10.7382",1,"C","A","C","B","0","1"," 2.86678"," 6.4367"," 6"," 1.00097","  0.4052"," -4.74264"," 9.39291"," 9.78983"," 10.5478"," 0.51457"," 9.8159"," 5.1679"," 4.9551"," -0.4345"," 3.9597"," 6.175","10.507"," 12.8926","12.74836"
"7","ID7"," 2.3592",0,"B","D","B","C","1","0","-0.85762","-0.4784"," 0","-3.10297"," -5.1857"," -0.10199","-0.17138"," 1.10299","  1.1585"," 7.68516"," 1.4193"," 2.8763"," 5.9245","  2.4667"," 1.3690"," 4.714"," 7.230"," -2.2541"," 6.49407"
"8","ID8"," 5.6004",0,"C","A","C","A","1","1"," 8.45599"," 7.3178"," 3","-4.08657"," -8.0495"," 20.99728"," 6.99008"," 6.06624","  4.1367","15.31684"," 9.2990","12.6660","29.0104"," -2.5559","12.0998"," 5.800","10.066","  1.4110","23.47933"
"9","ID9"," 3.8315",0,"B","A","C","A","0","0"," 0.91201"," 3.8158"," 1","-4.30728"," -3.4807","  0.88571"," 7.25265"," 2.03734"," -0.0501"," 0.62382"," 9.5630"," 4.5517"," 1.6994"," -2.0540"," 1.2744"," 5.709"," 6.452"," -3.8737"," 2.75345"
"10","ID10"," 6.7567",1,"B","A","B","A","0","0","-1.14072"," 2.5973"," 5","-0.23551"," -4.2266","-13.34414"," 3.91175"," 9.23092","  1.3816"," 2.13955"," 7.7456"," 0.4048"," 0.9576","  0.4563","-1.0639"," 3.183"," 9.427","  0.6559"," 7.90179"
"11","ID11"," 7.7093",1,"C","A","C","B","1","0"," 1.77075","-0.1984"," 0"," 1.84254","  2.1067","  3.45146"," 0.77384","-0.38757","  0.0754"," 2.54917"," 1.5402"," 6.1111"," 3.8972"," -3.4895"," 6.7961"," 6.710","10.683","  3.4550"," 1.64572"
"12","ID12","10.2692",1,"B","A","A","B","1","0"," 5.81013"," 7.2476"," 4"," 3.39791","  5.2033","  9.59871","11.07408"," 7.94616","  9.6691"," 0.62323"," 9.7029"," 8.9803","12.2120"," -0.7719","11.0513"," 8.118","14.391"," 15.4997"," 6.76885"
"13","ID13"," 5.9467",0,"A","A","B","A","0","0"," 2.65619"," 2.9149"," 2"," 3.38561","  0.5099","  5.30425"," 7.25653"," 2.81146","  7.2557","15.02253","12.7348"," 5.5279"," 2.6682","  2.4156"," 3.6970"," 4.979"," 7.750"," 12.6832","16.84102"
"14","ID14"," 9.9363",1,"C","B","B","A","1","0"," 6.15618"," 7.5595"," 7"," 0.58903","  2.0006","  5.64856"," 6.61015","13.96570"," 10.2862"," 0.39899"," 9.5958","11.0871","10.4266"," -1.1254"," 6.4137"," 4.827","12.111"," 12.6196","15.83346"
"15","ID15"," 2.4361",1,"C","A","A","C","0","0","-0.12063"," 0.9328"," 0","-0.45063"," -0.4805","  0.19754","-1.02599"," 0.62591","  0.5126"," 5.27674","-1.2933"," 0.3457","-1.0117"," -1.6425","-0.1854"," 3.887"," 2.503","  1.1995"," 7.53281"
"16","ID16","11.2813",1,"A","A","B","A","1","1"," 6.51296"," 6.4719"," 8"," 1.50144","  1.4634","  9.72079","11.86621","18.81789","  9.7205","-0.47014","14.2715","11.1456","26.4262"," -1.7080"," 8.7583"," 3.089","14.427"," 13.2957","15.56464"
"17","ID17","11.7427",0,"D","A","A","A","1","0","11.48285","12.3593"," 9"," 0.67753","  4.5553"," 17.31299","17.14885","19.84644"," 16.4194","15.73794","20.3475","14.3279","19.6924"," -2.7970","15.6270"," 4.039","14.476"," 18.2670","37.88962"
"18","ID18"," 5.1905",1,"C","B","C","A","0","0","-4.07199","-6.4930"," 0","-0.28026"," -2.0966","-16.79186","-5.87360"," 1.33170"," -8.9871"," 0.90844","-4.6673","-1.7366"," 7.8346","  0.3537","-3.9940"," 3.542"," 4.556"," -7.0843","-0.91534"
"19","ID19"," 2.9742",0,"C","A","C","A","0","1"," 1.78183","-1.0270"," 0"," 0.83656","  0.2357","  3.18204","-3.86467"," 0.22697"," -0.8305"," 0.50054","-3.5644"," 4.0094"," 1.6441","  0.8911"," 1.6515"," 7.211"," 7.199","  0.7932"," 3.42495"
"20","ID20"," 7.6714",1,"C","A","B","C","0","1"," 1.76963"," 3.2111"," 4","-1.38260","  0.1721","  0.51020"," 3.98873"," 8.65351","  1.7367"," 0.33973"," 5.9968"," 4.7140"," 3.7299","  0.5665"," 3.3127"," 6.234","10.228","  1.8899"," 8.40208"
"21","ID21"," 9.1532",1,"A","A","C","A","0","0"," 2.87739"," 3.0495"," 4"," 9.27194","  8.4765","  3.29878"," 6.09123","11.65936"," 13.4347","-0.94002"," 7.6062"," 3.5388","21.6988","  2.8976"," 4.2467"," 1.029"," 7.434"," 26.2333","12.60616"
"22","ID22","10.7990",1,"C","A","B","A","1","0"," 5.11628"," 4.8530"," 4","-7.86828","-12.5199","  8.09059"," 5.75726"," 5.88402"," -0.8510"," 6.81632"," 7.2244"," 7.5909","37.6049"," -2.1213"," 7.6975"," 6.457","14.207"," -9.6414","10.49412"
"23","ID23"," 8.5331",0,"D","D","C","A","1","0"," 6.44719"," 3.0951"," 4"," 4.50930","  5.7214"," 11.90540"," 2.43055"," 6.53585","  6.7842"," 0.02929"," 1.2005","10.7540","19.7822"," -4.5702"," 8.3953"," 3.599"," 8.817"," 13.0829"," 9.12441"
"24","ID24"," 2.9596",0,"A","C","C","A","0","0"," 4.33258"," 3.1936"," 0"," 7.57243"," 10.0808"," 13.67322"," 9.57807","-0.33769","  7.3887"," 4.05961"," 9.9658"," 7.0803","12.8284","  2.5480"," 4.2722"," 3.281"," 2.841"," 16.3146"," 2.49233"
"25","ID25"," 2.8249",0,"C","A","C","B","0","1","-3.90855","-3.5241"," 0"," 0.07065"," -2.5792","-11.99531","-2.17856","-0.37442"," -6.9906"," 0.90244","-1.2318"," 0.1373"," 2.5458","  0.4815","-3.9206"," 4.075"," 3.268"," -9.0488"," 0.00117"
"26","ID26"," 1.9854",0,"C","A","A","C","0","0","-1.61113","-2.5838"," 0"," 2.94710","  5.7234"," -7.34362","-1.67895"," 0.27278"," -2.7770"," 2.28798"," 0.3163","-1.5665"," 6.0165","  0.2273","-1.8247"," 7.315"," 6.531","  0.7105"," 1.67499"
"27","ID27"," 2.2011",0,"C","A","C","A","0","0","-0.23829","-0.0757"," 0","-1.12601"," -1.3458"," -4.55762","-2.53198"," 1.53592","  1.3124"," 5.09488","-3.3807"," 2.8937","-0.3009","  2.5604"," 0.6581"," 4.420"," 5.361","  1.3077"," 4.52173"
"28","ID28"," 7.9583",1,"A","A","C","A","0","0"," 2.32643"," 3.0962"," 3"," 3.43998","  1.4640","  2.45985"," 6.40654"," 6.60811","  6.1605"," 0.46521","11.1292"," 4.7865"," 4.5952"," -2.9897"," 4.1281"," 4.540"," 7.312"," 11.6986"," 2.70694"
"29","ID29"," 9.9591",0,"C","B","C","C","1","1"," 5.81296"," 5.5380"," 8"," 3.15223","  2.2436","  3.53508"," 1.33805","17.52836"," 11.1577","-1.58875","-0.2989"," 9.3095","25.1277","  1.8280"," 8.6622"," 5.181","16.340"," 15.0309","15.59401"
"30","ID30"," 6.9904",0,"B","A","C","A","0","1"," 2.27868"," 3.1339"," 6","-3.12696"," -2.0815"," -4.45144"," 3.77842","14.38159"," -2.5355","10.62848"," 4.2582"," 4.7882"," 8.3341","  0.2319"," 4.1715","10.181","14.745"," -5.1153","30.63744"
"31","ID31"," 6.8917",1,"B","A","C","C","1","0"," 0.98296"," 0.4968"," 2","-3.97517"," -0.4686","  2.32964","-0.63071"," 3.31934"," -4.2730","10.42347"," 0.4236"," 3.6493","13.0574","  2.9504"," 4.0445"," 6.522","11.020"," -5.5752","14.20890"
"32","ID32"," 3.7536",0,"B","A","B","A","0","0"," 0.01534","-0.6214"," 1"," 1.36151"," -0.3517"," -2.04098","-0.74619","-0.41477","  1.2487"," 4.94851"," 1.7899"," 1.9741"," 1.0315","  7.9114"," 0.0677"," 7.571"," 8.734","  3.6394"," 5.04784"
"33","ID33"," 6.4802",1,"C","A","C","A","0","0"," 1.04834"," 0.5401"," 2","-3.20090"," -3.1253"," -0.53951"," 2.78605"," 1.26029"," -2.6644","-0.16261"," 4.4445"," 2.2599"," 1.5874","  2.8916"," 1.9604"," 7.786","10.672"," -5.5405"," 4.50284"
"34","ID34","10.1940",0,"B","A","C","C","1","0"," 6.65267"," 7.9304"," 8"," 4.19981","  9.4756","  7.09492"," 6.45570","23.87827"," 10.7364","14.26964"," 5.9706"," 8.4429","17.6772","  1.3657"," 9.7579"," 2.781","12.705"," 18.3686","40.36661"
"35","ID35"," 2.6557",0,"C","D","B","C","0","0","-0.22714"," 1.4150"," 2"," 1.58227","  1.3880"," -7.89233","-0.17254"," 2.95444"," -1.0442"," 1.66786","-3.1692"," 4.8575"," 1.7759","  2.3698","-1.0636"," 6.462"," 7.569","  1.1732"," 2.90032"
"36","ID36","11.7993",1,"B","A","B","A","1","0"," 7.19830","11.8693"," 6"," 1.72434","  2.8883"," 12.88263","11.58351"," 7.31356"," 13.7104","16.90391","12.1692"," 9.2608","11.6966","  5.9729","10.1415"," 4.068","11.043"," 15.9702","25.88544"
"37","ID37"," 2.6901",1,"C","A","C","A","0","0","-0.56306","-2.5297"," 0"," 0.96333"," -1.4673"," -2.99242","-3.18088","-0.00158"," -1.4725"," 3.73411","-0.9517"," 0.8908"," 5.4870"," -1.1871","-0.4502"," 4.410"," 5.373"," -1.0430"," 3.62207"
"38","ID38"," 0.1628",0,"C","A","B","A","0","0","-0.09980","-1.5147"," 0"," 1.20602","  1.0004"," -2.75887","-5.07778","-0.21209"," -0.2068"," 1.21350","-2.6714"," 2.2404"," 4.0051"," -0.3514","-0.7040"," 4.579"," 5.811","  1.5731"," 0.37583"
"39","ID39","12.3392",1,"A","A","A","A","1","0"," 6.32043"," 7.6087"," 7"," 3.70844","  9.4026"," 10.47249"," 9.11803","14.25348"," 12.0205"," 1.61441","12.3106","10.3304","17.6626"," -2.6449"," 9.6396"," 4.202","12.918"," 18.5358","16.52195"
"40","ID40"," 7.9932",1,"C","A","C","A","1","0"," 2.99524"," 6.2706"," 4"," 0.30770","  4.1500","  3.25876"," 7.35562"," 8.39375"," 10.5031"," 1.42909"," 9.9152"," 5.3316"," 5.0018"," -3.5384"," 5.9071"," 3.779","10.552"," 11.9415"," 9.34410"
"41","ID41"," 9.5411",1,"C","B","A","C","1","1"," 6.43188"," 8.8852"," 6"," 1.30519","  0.5467"," 11.27871","10.45297","10.11382"," 12.4989"," 1.25478","10.9273","11.5078","22.4937"," -1.8707","10.0035"," 6.983","15.596"," 15.5405","10.36749"
"42","ID42"," 1.0496",0,"C","D","A","A","1","0"," 1.30843"," 0.3730"," 0"," 0.44885","  1.7051","  5.75844","-5.00378","-0.33474"," -0.7735"," 1.61258","-2.2990"," 6.7962"," 6.9990"," -4.1148"," 3.7145"," 6.617"," 9.192"," -0.8926","-2.14921"
"43","ID43"," 7.4247",0,"C","A","C","C","1","0"," 3.98871"," 2.6323"," 4"," 2.95486","  6.9069","  6.32244","-0.68001"," 6.09272","  6.7208","12.67784"," 6.0715"," 7.4419","14.8147","  1.6295"," 7.4925"," 2.174"," 9.891"," 11.2084","17.45434"
"44","ID44","10.8937",0,"D","C","B","B","1","0"," 5.91891"," 9.3117"," 9","-1.60367"," -1.4669","  3.83964","11.03911","19.60586"," 11.8673"," 0.15842","11.5502","10.0138","12.0838","  3.7519"," 7.0990"," 3.210","12.403"," 11.0952","18.37386"
"45","ID45"," 4.9668",0,"C","A","B","A","0","1","-0.09415"," 2.9915"," 4","-4.33492"," -7.2839"," -8.03558"," 4.39131"," 7.47718"," -3.9493","14.15940"," 4.0430"," 3.5461"," 9.6576"," -4.7225"," 0.8891"," 7.610","10.824"," -8.9959","24.43814"
"46","ID46","16.5614",1,"D","A","C","C","1","1","10.30289","10.7319","11","-0.75112","  0.4737"," 12.93366","11.33392","24.85044"," 13.7525"," 1.69532","14.1488","14.7112","31.4208"," -6.7304","14.1795"," 3.088","16.052"," 15.2286","26.00929"
"47","ID47","11.8548",1,"A","A","C","A","0","1"," 5.10444"," 8.5058"," 7","-5.88156","-12.4779","  7.89570","13.01287","12.59196","  5.8236"," 0.49397","17.6329"," 7.0904","15.5181"," -0.0979"," 5.0016"," 4.611","10.757","  0.1639","11.90588"
"48","ID48"," 6.6515",0,"C","C","C","C","0","0"," 3.19605"," 3.1801"," 6","-3.13484"," -2.9642"," -3.33289"," 3.70803","10.85819","  0.7709","13.07122"," 5.8852"," 6.8060"," 3.0025"," -3.8872"," 3.6124"," 2.671"," 8.139"," -1.4181","22.41160"
"49","ID49"," 5.0576",0,"D","B","A","A","0","0"," 2.47241"," 0.8366"," 1","-0.04237","  2.0727","  2.71309"," 2.16600"," 2.18610"," -0.3444"," 1.93915"," 3.4251"," 4.3975"," 0.0581"," -4.0916"," 3.5296"," 3.957"," 4.894"," -0.2677"," 4.23131"
"50","ID50","10.2127",1,"C","A","C","C","1","0"," 4.06480"," 3.9636"," 7","-3.11089"," -4.5252","  0.20402"," 2.13303","11.67446"," -2.7667","-0.80816","-0.3045"," 9.2962","13.5868"," -1.6196"," 8.5460"," 3.114","11.259"," -5.4871","13.06311"
"51","ID51"," 6.2730",1,"C","A","B","C","0","0","-3.10317","-2.9433"," 0"," 2.40557","  0.9225","-13.25978","-6.39595"," 0.37816","  1.5888"," 0.15041","-4.1562","-1.6946"," 6.0349","  3.5351","-3.1893","10.130"," 9.784","  3.4935","-1.01897"
"52","ID52"," 3.8884",0,"C","A","A","C","1","0"," 3.22364"," 0.1045"," 0","-0.15555"," -2.0591"," 10.49001","-1.85031","-1.99449"," -0.1005"," 5.59683"," 1.1311"," 8.1352","10.9297"," -3.6689"," 7.6628"," 7.744","11.343"," -0.2092"," 5.88280"
"53","ID53"," 9.3103",1,"C","B","C","A","0","0"," 3.52830"," 3.1853"," 2","-2.90237"," -3.1589","  2.66848"," 7.21012"," 6.00064"," -1.8218","-0.11718"," 6.3178"," 6.7611","-0.8428"," -2.3146"," 2.9636"," 6.538"," 5.651"," -3.9044"," 4.59207"
"54","ID54"," 5.2880",1,"B","B","B","A","1","1"," 4.16694"," 3.3297"," 3"," 2.67478","  5.9918"," 11.34215"," 4.91941"," 7.28382","  4.2321"," 0.71269"," 5.3236"," 9.2580","20.3922","  1.6482"," 7.9125"," 3.524"," 9.282","  6.9653","13.66352"
"55","ID55"," 3.7128",0,"C","A","B","A","0","1","-1.33268","-0.3501"," 0","-1.13041"," -1.6741"," -4.48131","-0.76188","-1.10119"," -2.9365"," 2.56491","-0.4297"," 1.9798"," 0.3911","  0.4324","-1.6996"," 6.698"," 6.955"," -4.0493"," 1.84933"
"56","ID56"," 6.9329",0,"B","A","C","A","1","0"," 4.08379"," 3.0213"," 3"," 1.81397","  5.2982","  9.12250"," 2.45220"," 7.98335","  0.2292","-0.71265"," 3.3341"," 5.6887","12.3206"," -1.5216"," 5.8762"," 4.276"," 9.211","  1.0978"," 9.14173"
"57","ID57"," 7.3678",0,"B","A","B","A","0","0"," 2.49298"," 3.4574"," 7"," 0.38151"," -0.2154"," -6.72758"," 4.13326","13.98337","  2.3542","12.77963"," 5.7765"," 4.4563"," 3.8684"," -0.8350"," 2.5775"," 2.498","10.042","  2.5227","29.14205"
"58","ID58"," 3.6382",0,"C","B","A","A","0","0","-3.15594","-2.0834"," 0","-0.35345","  0.0655","-12.56701","-0.71977","-0.86391"," -1.6421","-0.02567","-3.1133","-0.5818"," 3.8713","  1.3860","-3.9009"," 5.552"," 4.147"," -0.6759","-1.19557"
"59","ID59"," 1.0554",0,"C","C","B","A","0","0","-0.50764","-1.0663"," 0","-3.03017"," -3.3697"," -0.13723"," 0.17152","-0.22699"," -0.4896"," 8.33482"," 1.9602"," 5.1652"," 3.1770","  1.3681","-0.4314"," 5.692"," 5.583"," -4.8992"," 5.93280"
"60","ID60"," 2.7875",0,"C","C","A","B","0","0"," 0.93566"," 0.8486"," 0","-7.91832"," -7.1093","  2.25403"," 3.26430","-0.27239"," -9.0196"," 8.58707"," 2.5441"," 4.6239","20.1304"," -2.9210"," 0.2558"," 5.010"," 6.332","-14.3949"," 8.83390"
"61","ID61"," 7.0773",0,"B","A","A","A","0","0"," 3.95506"," 8.7181"," 4","-5.94975"," -8.7989","  8.39383","12.54110"," 8.74621","  3.9978","11.86341","16.8860"," 5.8413"," 4.1563"," -3.8636"," 5.0838"," 5.852","10.009"," -2.7882","23.47713"
"62","ID62"," 6.7844",0,"D","A","B","C","0","0"," 1.76879"," 4.8649"," 4","-4.61423"," -5.9800"," -4.10970"," 8.56735"," 9.41578","  0.7795"," 2.99734"," 7.1509"," 4.1478"," 2.4502"," -2.2877"," 3.3766"," 4.433","10.383"," -3.5173","12.38684"
"63","ID63"," 7.5544",0,"B","C","C","C","0","0"," 3.03884"," 6.1484"," 3","-2.25576"," -4.6891","  7.43025"," 8.17633"," 6.57244","  3.3469","-0.48531","12.3993"," 8.1154","-4.5215"," -3.3512"," 3.8064"," 2.530"," 6.158","  2.2640"," 5.60545"
"64","ID64"," 3.1820",0,"C","A","C","A","0","0","-0.86579","-0.7496"," 0"," 3.40363","  5.7518"," -3.29926","-5.76694","-1.81824","  0.7485"," 0.42916","-4.4129","-0.1762"," 5.8780","  7.5611","-0.2479"," 3.661"," 3.662","  4.3045"," 2.36351"
"65","ID65"," 3.4738",1,"B","A","C","A","0","0","-2.06204","-3.7416"," 0","-1.83048"," -3.2209"," -8.40720","-1.48543"," 0.95334"," -7.3333"," 2.45523"," 0.4272","-0.1436"," 5.8380","  8.4608","-1.9847"," 2.778"," 1.799"," -8.6153"," 1.78607"
"66","ID66"," 4.0596",0,"C","B","A","A","0","1","-1.26867","-0.1264"," 0","-5.67049"," -5.2586"," -1.92574"," 1.13504"," 1.34425"," -5.7057","-0.67423"," 1.0104"," 2.6826","10.0006"," -1.5438","-0.4445"," 4.544"," 6.144","-10.3943"," 0.95125"
"67","ID67"," 2.8580",0,"C","A","C","C","0","0","-0.44220","-0.3101"," 0","-2.81507"," -5.9524","  0.17477"," 0.75992","-0.75447"," -8.1597"," 0.59017","-2.2043"," 2.1441"," 2.1435"," -5.0666","-0.2759"," 4.419"," 3.361","-10.4582","-1.34749"
"68","ID68"," 6.5029",0,"B","A","C","A","0","0","-0.04483"," 7.1245"," 4"," 1.08603","  3.3671"," -9.81375"," 6.67347"," 7.11310","  7.3013","14.32327"," 5.2613"," 3.3357","-4.4045","  3.1219"," 2.4689"," 2.290"," 5.876","  9.6195","25.92042"
"69","ID69"," 5.3249",1,"B","A","B","B","1","0"," 3.35420","-0.5096"," 0"," 0.89364"," -0.2505"," 11.66822"," 0.11924","-1.63916"," -0.0552","-0.22211"," 1.0486"," 5.6346","12.8273"," -0.9911"," 6.0828"," 4.401"," 7.739","  1.1930"," 0.11168"
"70","ID70"," 5.5877",0,"C","C","C","A","0","1"," 3.10445"," 2.6988"," 5","-2.83075"," -3.1618"," -2.97378"," 6.39017"," 8.08718"," -0.3364","12.32652"," 7.8394"," 5.3656"," 4.4788"," -3.6599"," 1.5226"," 6.497","10.201"," -2.8842","23.15932"
"71","ID71","10.4703",1,"C","A","A","A","0","0"," 0.37908"," 3.3465"," 7","-1.69034","  0.1714","-14.48138"," 4.15581","14.30872"," -1.4626","-0.42971"," 8.4257"," 2.1517"," 3.5148"," -3.8301","-0.2479"," 3.858"," 9.924"," -2.6467","13.15313"
"72","ID72"," 2.2269",0,"C","A","A","C","1","0"," 3.78834","-0.4087"," 0"," 0.33446","  4.3552","  8.28076","-2.06886"," 0.63416"," -1.9003"," 6.26806","-1.6033"," 6.2959","10.4343","  2.4472"," 7.2835"," 7.866","12.104"," -1.1843"," 9.35722"
"73","ID73"," 1.7137",0,"C","D","C","A","0","1","-0.20511","-0.7244"," 0","-1.70344"," -2.2794","  0.04280"," 0.47762"," 1.47397"," -6.6214"," 2.39959"," 4.5495"," 2.1840"," 2.2990"," -4.6574","-1.2685"," 2.011"," 2.146"," -6.2387"," 6.48333"
"74","ID74"," 2.7698",0,"C","D","A","A","0","0","-2.59203","-1.9239"," 1"," 0.19749","  1.5217"," -9.81715","-0.41026"," 2.32357"," -1.9654"," 3.21160"," 4.4886"," 0.9032"," 3.3708"," -5.1770","-3.0141"," 2.531"," 2.912"," -2.7752"," 6.36241"
"75","ID75"," 3.1326",1,"C","A","B","A","0","0","-3.91865","-4.3579"," 0"," 2.66289","  4.0937","-15.94289","-5.10530"," 0.92351"," -1.3771"," 0.26725","-2.8655","-1.4854","10.4011"," -0.3896","-2.8226"," 2.339"," 0.766","  1.7103"," 0.94422"
"76","ID76"," 4.7728",1,"B","A","B","A","0","0"," 0.42682","-1.4367"," 0"," 0.92627"," -1.7520","  0.40114","-5.62095","-0.55688"," -1.7335"," 4.43716","-1.9520"," 1.4801"," 3.3329","  0.5616"," 1.5199"," 3.869"," 3.830"," -1.2318"," 4.30549"
"77","ID77"," 9.8378",1,"C","A","C","A","1","0"," 4.05067"," 3.8062"," 4"," 1.34755","  3.4492","  5.76822"," 5.65229"," 7.00707","  4.1279"," 2.05273"," 7.5588"," 9.4974","11.1800","  2.8534"," 9.0227"," 2.446"," 9.033","  6.1387"," 5.59333"
"78","ID78"," 7.4966",0,"C","D","B","C","1","1"," 7.73005","10.4071"," 9"," 2.10451","  0.7056","  8.33857","13.37442","17.26736"," 10.7599","15.00533","10.7424","14.4941","26.9809","  5.3649","10.3909"," 4.564","15.208"," 14.3570","30.11171"
"79","ID79"," 0.8452",0,"C","A","A","A","0","0"," 0.58219","-2.1145"," 0","-2.94869"," -2.4189","  0.42076","-0.59174"," 0.33720"," -3.4221"," 2.40825"," 0.7019"," 2.2576"," 1.4940"," -0.5459","-0.0261"," 2.481"," 3.726"," -4.7377"," 3.97384"
"80","ID80"," 9.6563",0,"C","B","B","A","1","0"," 5.59444"," 8.4241","10","-1.36287"," -3.4865"," -0.03199"," 8.64687","22.92669","  7.8103","11.80925","10.7873","10.7310","12.0106"," -4.6810"," 8.2588"," 5.306","17.892","  6.4404","39.76546"
"81","ID81"," 2.3359",0,"C","A","A","C","0","0"," 0.08197"," 1.9101"," 1"," 0.92798","  2.3801"," -2.74790"," 1.65947"," 3.93794","  0.4763","-0.16786","-0.0228"," 1.2080","-1.5471","  1.5182"," 1.4504"," 6.665"," 6.589","  1.0449"," 2.53418"
"82","ID82"," 5.4971",1,"C","A","A","A","1","0"," 2.36335","-0.1100"," 0","-5.11440"," -7.5125","  6.22118"," 1.13787","-0.61306"," -5.5161"," 0.57471"," 3.6097"," 5.8102","17.0918","  1.8709"," 5.4814"," 4.811"," 8.919"," -8.3028"," 3.03558"
"83","ID83"," 1.1220",0,"C","C","B","A","0","0"," 0.57928","-2.4222"," 0","-3.25414"," -0.5222"," -0.11853","-1.16226","-0.11209"," -5.6754","11.32925"," 3.3679"," 6.1564"," 4.9475"," -3.4752","-1.5494"," 3.082"," 2.447"," -9.3939","12.61154"
"84","ID84"," 2.6195",0,"C","A","A","A","0","0"," 0.67957"," 0.7487"," 0","-0.49405","  5.0463"," -0.83477"," 3.07637","-1.01393","  2.5704"," 2.41856"," 3.9259"," 3.9095"," 0.7060"," -2.8507"," 2.5205"," 2.802"," 4.133","  4.6822"," 4.28309"
"85","ID85"," 3.4302",0,"B","C","A","A","0","0","-1.63479","-1.0622"," 0","-2.99782"," -3.4747"," -5.77280","-6.56118"," 0.63639"," -4.2458"," 6.70511","-1.4183"," 0.9771"," 0.9226"," -1.1156","-1.4732"," 7.363"," 8.250"," -7.9213","10.25292"
"86","ID86"," 2.4188",0,"C","A","C","A","0","0","-0.05750"," 2.3149"," 1"," 3.88133","  7.1636"," -4.62480"," 3.04844"," 0.62928","  2.7465"," 6.52333"," 2.7528"," 0.0770"," 2.8625","  5.8465","-0.1117"," 4.534"," 4.903","  8.2981"," 6.60507"
"87","ID87"," 8.4283",1,"C","C","C","C","1","0"," 8.00156"," 7.9265"," 5"," 4.21182","  1.6421"," 17.50496"," 7.64655"," 8.57867"," 12.9340","14.96819"," 5.4821","13.0271","22.7586","  2.5540"," 9.8804"," 3.021"," 8.256"," 21.0066","25.61833"
"88","ID88"," 2.8872",1,"C","A","C","A","0","0","-2.25853","-1.4178"," 0","-1.56577"," -0.0703","-10.51770"," 0.68950"," 0.28909"," -3.8386"," 3.72371","-0.5563","-0.7888"," 1.5431","  1.4751","-2.0637"," 4.427"," 6.012"," -6.6690"," 4.34537"
"89","ID89"," 8.9976",1,"C","A","A","A","0","1"," 3.94436"," 6.5229"," 5"," 1.25448","  0.5912","  2.11353"," 2.92317"," 5.35213","  8.1047"," 4.82171"," 5.3313"," 8.9251"," 6.2150"," -3.5992"," 5.1821"," 5.416"," 9.217","  8.6125"," 9.58990"
"90","ID90","10.3535",1,"C","A","A","A","1","0"," 3.54586"," 5.8872"," 6","-2.87245"," -2.6629","  1.77393"," 9.57668","15.80975","  4.6369","-1.18948","11.7400"," 8.1596","11.9305","  2.4909"," 7.4920"," 4.353","11.801","  3.3141","15.06806"
"91","ID91"," 8.4502",0,"B","D","C","A","0","1"," 3.96462"," 5.6168"," 5","-1.39439","  0.6104"," -0.84933"," 5.70272"," 8.01940","  3.5708","12.37887"," 7.4598"," 8.3160"," 6.3291"," -3.2789"," 4.7046"," 2.687"," 6.543","  1.9523","21.62587"
"92","ID92"," 5.8427",1,"C","A","B","A","0","0","-1.68611","-1.0383"," 1","-1.27953"," -3.8727"," -5.63549"," 1.32378"," 4.70183"," -4.8356"," 1.10200"," 4.9573"," 2.0241"," 3.2188"," -1.0413","-1.3075"," 2.721"," 5.269"," -5.2219"," 7.60137"
"93","ID93"," 0.3685",0,"C","C","B","A","0","0","-0.13239"," 0.6295"," 1"," 2.31984","  1.7783"," -1.72966"," 2.49091"," 2.51097","  4.9649"," 2.54092"," 6.7256"," 1.6316"," 0.8954"," -1.0942","-0.9980"," 2.339"," 6.084"," 12.3584"," 5.97200"
"94","ID94"," 6.7223",0,"A","A","C","C","0","0"," 2.62247"," 5.0277"," 5"," 0.21579","  2.6224","  2.60301"," 9.11889"," 8.72666"," 10.0085","12.57474"," 8.8604"," 6.7961","-3.4336"," -1.1553"," 2.5834"," 4.151"," 8.859"," 10.7371","22.37754"
"95","ID95","13.2862",1,"A","A","C","C","1","0"," 5.77482"," 7.9792","10"," 0.66939","  3.2028","  4.02819","13.04337","19.37644","  9.0432"," 0.36410","17.0481","10.3926","12.3426"," -2.1721"," 9.9062"," 7.421","17.718"," 10.6337","22.58979"
"96","ID96","10.1283",1,"B","A","A","A","1","1"," 6.31748"," 6.1944"," 5","-2.64239"," -5.5622"," 16.89078"," 6.15184"," 9.90123","  5.2456"," 1.81101"," 8.5603","11.5472","25.2688","  1.6416"," 9.1531"," 6.495","14.924","  1.3076","13.35089"
"97","ID97","10.7319",1,"C","B","C","A","1","0"," 3.66628"," 4.3955"," 6"," 0.39343","  0.6575","  2.07777"," 6.27182","13.22054","  6.0164","-0.82646"," 8.1054"," 7.9332"," 7.1347"," -0.9717"," 6.1550"," 5.688","14.316","  7.5860","15.54192"
"98","ID98","11.4365",1,"C","A","C","A","0","0"," 2.41775"," 5.8029"," 7"," 0.83322"," -3.3302"," -6.95716"," 5.34904","12.38407","  8.0877"," 0.14557"," 4.3365"," 3.9092","-0.3755"," -2.8113"," 3.3067"," 2.020"," 9.180","  8.0887"," 7.89530"
"99","ID99","11.0883",1,"B","A","A","A","1","0"," 4.34084"," 7.2836"," 5"," 2.63951","  3.6296","  5.88695"," 6.51048","12.68090","  9.5949"," 1.89863"," 7.1269"," 6.8593"," 7.2546","  9.4932"," 9.0544"," 3.402","11.093"," 14.3712","16.31358"
"100","ID100"," 1.2258",0,"C","A","B","A","0","0"," 1.38484","-0.5697"," 0","-1.53447"," -1.4191","  0.64337","-5.97079"," 0.55824"," -1.5104","-1.12900","-4.4561"," 3.2813","-1.1130","  0.7754"," 1.2457"," 7.039"," 7.057"," -4.2588","-3.58576"
"101","ID101"," 5.8083",0,"C","A","C","C","1","0"," 1.62891"," 4.5253"," 4"," 0.42999","  4.5135"," -1.34166"," 6.01402"," 5.62361","  6.5108"," 0.69150"," 7.1529"," 6.2882"," 0.4635","  1.3433"," 4.7864"," 1.705"," 9.761","  6.2195"," 7.40502"
"102","ID102"," 9.1608",1,"C","A","C","B","1","0"," 2.68322"," 2.5115"," 5"," 0.98723","  2.6171"," -0.69643"," 2.63520"," 5.97243","  8.2702","-2.06158"," 1.3758"," 4.0595"," 6.4843"," -4.2366"," 5.6797"," 5.510","12.634","  9.2447"," 1.98613"
"103","ID103"," 9.2577",0,"C","A","B","A","1","0"," 6.17902"," 3.0315"," 8","-3.11711"," -4.0586","  9.04130"," 3.29137","19.39791"," -0.4760","-1.77554"," 8.2017"," 9.1533","26.0340","  0.9500","10.3782"," 6.917","17.621"," -2.2002","17.12776"
"104","ID104"," 4.7437",0,"C","C","C","A","0","0"," 1.01757"," 3.6025"," 2","-4.04048"," -3.1554"," -0.55135"," 3.35310"," 1.60310"," -1.4142","12.67780"," 7.4025"," 4.8819","-0.0413","  1.3168"," 0.7978"," 8.418"," 9.840"," -3.4626","14.95405"
"105","ID105"," 5.6597",0,"A","A","B","A","0","0"," 1.72819"," 1.8971"," 1"," 2.19204","  3.1167","  3.45886"," 3.96405"," 1.81773","  1.0304","10.30306"," 1.7884"," 2.0291"," 2.1965","  0.9097"," 1.8830"," 3.451"," 6.219","  4.7776","15.05344"
"106","ID106"," 9.7134",0,"D","C","A","C","0","0"," 2.78243"," 4.7165"," 5"," 2.61102","  5.5253"," -5.44994"," 4.72121"," 7.54232","  6.5173"," 1.37137"," 3.7946"," 5.5495"," 1.5834"," -4.4166"," 2.1693"," 5.246"," 7.922","  8.7244"," 9.01569"
"107","ID107","12.6353",0,"B","A","C","C","1","1"," 6.50980","10.3880","11"," 0.98294","  1.0743","  4.95917","14.19606","21.73472"," 16.0346","14.21602","16.3358","12.0891","26.7024","  3.7621","10.2312","10.039","21.084"," 17.7493","41.54905"
"108","ID108"," 8.1283",0,"B","A","C","C","1","1"," 4.55238"," 6.7121"," 5"," 2.71831","  6.2121","  7.48344","12.43959"," 8.62150"," 10.8742","13.34362","15.0730"," 8.7223","21.0796","  7.1973"," 6.9178"," 5.153","13.508"," 14.4513","25.59882"
"109","ID109"," 3.1857",0,"C","D","B","B","0","0"," 0.14991","-0.5573"," 0"," 2.84728","  4.2572"," -1.64907","-0.60337","-1.64281"," -0.2502"," 0.16459","-0.2093"," 4.5704"," 4.9520","  0.8188","-2.4149"," 4.744"," 4.959","  1.5655","-3.32465"
"110","ID110"," 3.4955",0,"C","A","C","A","1","0"," 0.70809"," 0.4382"," 1"," 3.68003","  5.6767"," -0.17313"," 2.54169"," 0.64637","  3.4773"," 4.42715"," 5.0169"," 3.9321"," 4.6101"," -0.1166"," 2.9221"," 2.603"," 6.304","  7.9290"," 4.10478"
"111","ID111"," 6.4846",1,"C","A","C","A","0","1"," 4.54802"," 2.5738"," 1"," 0.25913","  0.0693","  6.53878"," 4.28669"," 1.59982"," -0.5398"," 5.87457"," 6.1107"," 8.7694"," 1.3620","  0.2092"," 6.1278"," 5.144"," 5.920","  0.9095"," 2.58513"
"112","ID112"," 6.7866",1,"B","B","C","C","0","1"," 2.53194"," 0.8885"," 1"," 2.39922","  4.9496","  6.38320"," 2.07410"," 1.30321","  3.2053","-1.08936"," 3.4736"," 6.5926"," 3.0850","  6.0603"," 4.3194"," 3.683"," 5.614","  6.5970","-0.32658"
"113","ID113","11.8426",1,"B","A","A","A","1","0"," 5.66458"," 6.6436"," 7","-2.33637"," -5.9034","  7.48275"," 6.73071","15.02633","  4.5597","-2.73326"," 9.8127"," 9.7369","17.0442"," -3.6589"," 8.7714"," 2.623","13.266","  4.0622","12.56230"
"114","ID114"," 2.1395",0,"C","A","A","A","1","1"," 1.18908"," 0.5905"," 0","-2.44640"," -4.6659","  7.41840"," 5.09493"," 0.32138"," -0.1731"," 9.81111","14.3927"," 5.5199"," 7.3178","  1.6077"," 5.3369"," 8.575","11.786"," -2.2254","11.58975"
"115","ID115"," 2.6503",0,"C","A","A","A","0","1"," 0.95833"," 2.2748"," 1"," 5.47219","  5.5716","  3.68112"," 3.42954"," 0.18099","  6.8505","12.63525"," 3.6243"," 3.2501","11.3873"," -4.0893"," 1.1990"," 2.747"," 4.198"," 13.4411","12.84503"
"116","ID116"," 6.7975",1,"C","A","A","A","0","1"," 0.18213"," 1.8470"," 3"," 0.16429","  2.6525"," -9.63084"," 1.38549"," 3.47270","  2.8703"," 5.81142"," 1.7287"," 2.1236"," 3.2153"," -2.7232"," 1.0908"," 2.688"," 7.491","  3.6266"," 9.24961"
"117","ID117"," 4.3785",0,"C","A","A","A","1","0"," 1.24723"," 1.9742"," 2","-3.32931"," -1.9797","  0.28167"," 2.15259"," 3.19542"," -1.3455"," 1.46690"," 6.2046"," 5.3091"," 5.7184"," -6.3968"," 5.9543"," 8.664","13.032"," -4.5929"," 5.03864"
"118","ID118"," 3.7169",0,"C","A","B","A","0","0"," 1.45486"," 0.6576"," 2","-0.42674","  1.5203"," -2.89954"," 4.13897"," 5.55434"," -2.2523","12.53332"," 8.0726"," 3.3318"," 0.4834","  0.4866"," 2.1776"," 3.025"," 5.431"," -2.0598","18.78960"
"119","ID119"," 9.6937",1,"C","A","C","C","1","1"," 7.46826"," 4.4724"," 5","-1.59661"," -2.8448"," 15.17406"," 7.40899"," 3.64687"," -1.0215"," 0.94838"," 8.3118","10.9509","24.9749"," -3.5233","11.7653"," 1.576"," 8.855"," -2.2058"," 1.06428"
"120","ID120"," 8.5717",0,"B","A","C","A","1","0"," 2.89355"," 3.1228"," 5","-5.66123"," -4.7489","  4.27609"," 3.35345"," 9.81497"," -3.8018","12.63842"," 6.1965"," 6.5821","23.6945"," -4.4089"," 7.6748"," 4.968","13.274"," -8.0919","21.60396"
"121","ID121"," 4.4876",0,"C","C","A","A","0","0","-0.45838","-2.5340"," 1","-0.25605"," -0.2126"," -5.44903"," 0.04306"," 1.76061","  0.3940"," 1.97744"," 1.2648"," 3.2333"," 4.9585"," -2.8007","-0.2001"," 7.769"," 7.760"," -0.2712"," 3.62226"
"122","ID122"," 1.1211",0,"C","D","A","A","0","0"," 3.42292"," 4.7149"," 0"," 1.97918","  1.1714","  9.79103"," 7.18912","-1.55735","  7.3830"," 3.88375","11.1776"," 5.5699","-5.2302"," -0.8591"," 3.3872"," 4.466"," 4.825"," 10.4307"," 4.02412"
"123","ID123"," 2.7283",0,"C","C","A","C","0","0","-3.29962","-1.7539"," 0"," 2.75503","  1.0298"," -5.32365","-2.33694"," 1.60221","  0.9082"," 4.69173","-2.6221","-1.6785"," 5.3734","  0.4786","-3.2512"," 3.168"," 1.994","  5.4615"," 2.25232"
"124","ID124"," 8.1400",1,"C","A","C","B","1","1"," 6.48844"," 7.1205"," 7"," 0.22676","  0.7696","  6.64865","12.55954","12.27922","  9.0004"," 0.26153","12.6465"," 9.3105","18.0245","  5.0527"," 9.4591"," 5.235","13.760","  7.8693","12.69954"
"125","ID125"," 1.6050",0,"B","B","B","A","0","0","-0.62804","-2.7043"," 0"," 5.58889","  8.2318"," -1.79198","-0.34320"," 0.95816","  4.2582"," 1.84660"," 3.4834"," 3.3669","12.7262","  5.0535"," 0.1430"," 6.962"," 6.879"," 10.1234"," 0.22873"
"126","ID126"," 7.6943",0,"C","B","A","C","1","1"," 4.76938"," 3.2591"," 6"," 1.01763","  2.8549","  1.83790"," 6.81276","12.26211","  6.4854","-1.03279"," 9.6891","10.0271","14.0104"," -0.7381"," 7.9693"," 5.930","12.409","  8.3222","12.91812"
"127","ID127","11.8021",1,"A","A","C","C","1","0"," 4.77805"," 3.7950"," 8","-7.30486"," -9.6388","  1.57448","10.28780","13.35895"," -2.6652","-2.93588","10.3505"," 7.5064","35.1637","  1.2057"," 8.1223"," 1.435","12.588"," -9.7650"," 9.21368"
"128","ID128","11.7463",1,"D","D","C","C","0","0"," 5.19339"," 5.4878"," 5"," 4.53586","  6.0390","  2.24955"," 4.47643"," 7.44646"," 12.0718","15.11505"," 4.2623"," 9.0147"," 4.6636","  1.6235"," 6.0054"," 4.692"," 8.535"," 19.7777","22.67378"
"129","ID129","10.8650",1,"C","A","C","B","1","0"," 1.74566"," 6.4587"," 9","-2.47586"," -5.3903"," -7.97031"," 5.62550","18.81079","  6.0143","-2.19366"," 9.3825"," 4.9512"," 5.6713"," -2.1782"," 5.0125"," 4.413","14.767","  3.5222","14.61268"
"130","ID130"," 2.6056",0,"B","A","B","A","0","0"," 1.92522"," 0.0839"," 0","-1.15339"," -5.2725","  3.41382"," 0.82098"," 0.58809","  1.4495"," 0.91558"," 5.1947"," 2.4216","-0.7725","  0.9079"," 3.6037"," 8.998"," 8.494","  1.1124","-1.59979"
"131","ID131"," 6.9117",0,"A","C","B","A","0","0"," 4.81293"," 0.4992"," 0"," 0.15076","  0.7162"," 18.14987"," 4.15513","-0.18805","  2.2728"," 5.96854"," 7.9851"," 8.6860"," 0.1128","  0.4313"," 3.1430"," 2.821"," 2.847","  2.9073"," 3.20547"
"132","ID132"," 3.8543",1,"C","A","A","A","0","0","-3.28330","-3.5241"," 0","-2.24587"," -4.9794"," -9.91285","-3.04965","-0.18305","-10.1007"," 4.86232","-2.7733","-0.0370"," 4.4043","  1.2435","-3.1966"," 3.108"," 2.948","-13.1445"," 3.76853"
"133","ID133"," 3.2256",0,"C","B","A","C","0","0","-2.25381","-3.9323"," 0","-1.90315","  2.0290"," -7.46562","-3.78459"," 1.76037"," -8.3939"," 2.71783","-6.0108","-0.7955"," 5.9640"," -1.7066","-2.4985"," 3.785"," 3.023","-10.9682"," 5.58496"
"134","ID134"," 3.9997",0,"A","B","A","B","1","1"," 8.18309"," 3.8382"," 0"," 1.17926","  1.4898"," 28.09589"," 5.48795"," 0.49182","  3.4640"," 0.38599"," 7.8974","14.0918","28.6504"," -0.7911","13.9878"," 3.411"," 4.795","  5.4506"," 2.58139"
"135","ID135"," 7.3306",1,"A","A","A","A","1","0"," 4.08738"," 2.3388"," 2","-6.92157"," -8.0357"," 13.16877"," 2.15052"," 1.67310"," -5.8249","-1.95009"," 5.1230"," 6.9445","36.7886"," -2.5091"," 7.0175"," 4.295"," 9.861","-11.2751"," 3.22257"
"136","ID136"," 3.0323",0,"C","A","C","A","0","1","-0.38306","-1.1302"," 0"," 0.38719","  0.2220"," -1.48473","-0.75525"," 0.71723","  2.1972"," 0.96301"," 3.4805"," 2.1581"," 1.4627","  2.1330"," 0.6834"," 3.832"," 4.920","  3.9232"," 3.23253"
"137","ID137"," 5.1561",1,"B","A","C","A","0","1"," 0.10929","-2.0951"," 1"," 1.43047","  3.2281"," -1.25413","-5.44426"," 3.31766"," -1.0690"," 4.52981","-6.3314"," 6.3573"," 4.5013","  1.8813"," 2.4269"," 2.526"," 3.845","  1.6478"," 8.05059"
"138","ID138"," 8.4561",1,"C","A","C","A","1","1"," 4.31103"," 5.7424"," 5"," 0.36485","  1.6169","  1.84110"," 6.36948","14.03861","  7.8225"," 0.78317","12.7711"," 8.4398","12.2531","  2.5160"," 7.0475"," 6.477","14.654","  7.1000","16.20336"
"139","ID139","12.3809",1,"B","A","C","A","1","0"," 5.40740"," 7.2227"," 5"," 2.44571","  3.5550","  9.50776"," 5.08456","13.35344","  9.5685"," 2.58631"," 7.1315"," 6.7165","11.5330"," -0.9230"," 7.8518"," 5.060","10.712"," 13.1739","15.54340"
"140","ID140"," 4.4692",1,"C","A","A","A","0","0","-1.20601","-1.8556"," 0"," 2.36548","  4.8301"," -3.10232","-0.16789"," 1.69139"," -0.2710"," 1.23134"," 1.2414"," 1.1896"," 5.4793"," -0.4726","-1.1838"," 4.768"," 4.058","  3.0307"," 5.62283"
"141","ID141"," 7.3679",1,"C","B","B","C","1","1"," 5.17870"," 2.2155"," 3"," 2.16162","  4.8708"," 11.22758"," 4.33298"," 1.02275","  2.8252","-1.91967"," 5.3537","10.5889","19.4983"," -2.8397"," 8.2231"," 3.621"," 9.251","  6.2865"," 0.05661"
"142","ID142"," 5.4776",0,"C","D","B","A","0","0"," 1.47499"," 2.6633"," 3"," 4.79730","  6.1239"," -1.71628","-1.91211"," 3.47460","  5.9411"," 1.22068","-1.7203"," 5.8923"," 8.3920"," -3.1173","-0.4535"," 4.746"," 6.906"," 12.7473"," 9.43811"
"143","ID143"," 4.0631",0,"C","A","C","A","0","0","-3.08076","-4.7905"," 0","-1.53619"," -3.0672","-11.30075","-4.00037"," 0.43775"," -3.5596"," 4.65083","-1.9194","-0.3996"," 7.2234","  1.2174","-3.2873"," 3.776"," 3.067"," -3.9965"," 0.56500"
"144","ID144"," 5.1611",1,"B","A","C","A","0","0","-1.37926","-3.0391"," 0"," 0.76137","  3.0904"," -1.65844","-4.04344","-0.64313"," -2.8499"," 2.16933","-3.6264"," 0.5079"," 4.3766"," -4.0017"," 0.3302"," 4.049"," 2.979","  0.2086","-1.03028"
"145","ID145"," 7.5108",1,"B","A","A","A","0","0"," 1.71959"," 2.0178"," 2","-0.53572","  0.8493"," -2.98454"," 7.33625"," 3.52392","  1.0363"," 4.20279"," 9.4814"," 3.1425","-1.0691"," -1.4455"," 2.7044"," 8.169"," 9.300"," -0.5475"," 9.33820"
"146","ID146"," 6.1653",0,"B","B","C","C","1","1"," 4.24696"," 2.2947"," 1"," 2.04661","  1.9825"," 11.29057"," 1.22464"," 2.22940","  3.0585"," 2.13232","-0.0434"," 9.3524","14.7366","  0.8892"," 9.4798"," 3.714"," 7.490","  4.3380"," 6.63379"
"147","ID147"," 5.0887",0,"C","B","C","A","0","0","-5.07017","-5.6595"," 0","-1.49382"," -0.3524","-13.64816","-4.66218","-0.46156"," -8.8085"," 1.76882","-4.7503","-2.9630"," 7.7703"," -3.9884","-7.4099"," 5.904"," 4.660","-10.5426"," 1.28151"
"148","ID148"," 5.1648",1,"A","A","A","A","0","1"," 1.28438","-0.2576"," 1","-1.91456"," -4.6841","  1.76671"," 3.86382","-0.16713"," -3.0807"," 0.09862"," 7.1737"," 5.1868"," 3.2832","  5.2534"," 1.8594"," 7.633"," 9.020"," -3.4246","-3.28722"
"149","ID149","10.4650",1,"C","A","B","C","1","0"," 5.63205"," 6.4166"," 5"," 1.10288","  3.6748"," 10.57063"," 4.10811"," 7.69965","  5.0280"," 2.05485"," 9.2025"," 8.5533","12.2027","  0.9131"," 9.1467"," 3.511","10.151","  8.7501"," 8.16875"
"150","ID150"," 0.0421",0,"C","A","C","A","0","0","-0.85318","-2.5458"," 0","-0.52730"," -4.1072"," -0.40945","-1.05024"," 0.76997"," -4.3188","-1.29102"," 0.0863","-0.6493"," 3.8437","  0.4024"," 0.3735"," 8.187"," 9.548"," -4.3510"," 1.58979"
"151","ID151"," 5.9570",0,"B","D","C","A","0","1"," 0.19073","-1.4968"," 0","-2.19107"," -0.4329"," -1.34810","-4.56355"," 0.24026"," -6.2849"," 0.97569","-4.4608"," 5.0211"," 2.8564","  0.3206"," 0.9977"," 2.374"," 1.369"," -8.6151"," 4.26816"
"152","ID152"," 4.6904",0,"C","A","B","A","1","0"," 3.70846"," 1.7847"," 2"," 0.00686"," -0.2241","  8.06300"," 2.10495"," 5.75417","  3.0249"," 0.66997"," 6.7162"," 6.7326","12.5585"," -0.5758"," 8.0111"," 2.558"," 6.914","  2.3245"," 5.37429"
"153","ID153"," 5.6886",1,"B","B","C","A","0","0"," 1.43893"," 1.4610"," 1"," 1.55879","  2.4356","  5.02757"," 5.03076"," 1.23092","  4.9595","-0.55669"," 5.9965"," 3.9645","-0.4125"," -4.1165"," 1.8611"," 4.608"," 6.981","  8.0229","-0.17188"
"154","ID154"," 2.7176",0,"C","A","A","A","0","0","-0.98218"," 1.4477"," 1","-0.59226"," -2.3054"," -6.30600"," 3.47642"," 2.11633"," -2.5628"," 8.25367"," 6.5473"," 2.9335","-0.6259","  0.3605","-0.1141"," 5.059"," 5.677"," -2.3931"," 7.37608"
"155","ID155"," 4.0549",0,"B","A","C","C","0","0"," 0.95192","-0.8258"," 0","-2.13937"," -0.8657","  4.17478","-0.13357"," 0.69202"," -6.4209"," 1.78956","-2.6905"," 2.7777","-0.4688"," -5.1738"," 3.9862"," 6.866"," 7.469"," -7.4316"," 2.27831"
"156","ID156"," 8.9968",0,"B","A","B","A","0","1"," 2.14631"," 2.5825"," 4"," 1.44482","  3.5617"," -5.88940"," 0.37840"," 8.37799","  1.8505"," 4.35705"," 3.1022"," 5.3826"," 5.5189","  2.1211"," 2.6801"," 6.499"," 8.404","  1.5991","14.59247"
"157","ID157"," 4.4319",0,"C","D","B","A","1","0"," 1.96228"," 0.6500"," 0","-3.44445"," -4.3901"," 11.27145"," 2.17319","-2.73597"," -3.6947"," 2.59359"," 8.9072"," 6.4118","17.1265"," -1.4780"," 3.3039"," 2.553"," 5.888"," -8.4556"," 0.99766"
"158","ID158"," 4.3205",1,"C","A","A","A","0","0","-0.12374","-2.3008"," 0","-0.41030"," -1.2870"," -5.62625","-6.62173","-0.78257"," -3.6541"," 2.09213","-4.4509"," 3.7118"," 4.1563","  0.8184"," 0.8575"," 2.161"," 2.557"," -3.3483"," 5.29825"
"159","ID159"," 2.5406",0,"C","C","B","A","0","0","-1.07661"," 1.1057"," 2","-0.61944"," -0.6260"," -9.61095"," 1.90255"," 4.80804","  1.1039","-0.98650"," 5.9327"," 1.9136","-0.6908"," -3.0026"," 0.3391"," 5.634"," 7.682","  2.9008"," 6.61232"
"160","ID160"," 6.3258",1,"B","B","B","A","0","1"," 1.83391"," 0.6955"," 0"," 5.68342","  4.6960","  3.30311"," 1.85430"," 0.52407","  3.5418"," 7.66234"," 3.5615"," 4.5321","11.4627","  1.4996"," 0.9556"," 0.631"," 0.674"," 10.1951","11.34735"
"161","ID161"," 4.1454",1,"A","B","B","A","0","0","-1.01655"," 2.2251"," 1","-6.57878"," -8.6886"," -1.51383"," 4.24597"," 2.35612"," -5.0554"," 2.47369"," 7.7050"," 0.7436","11.2690"," -2.3489","-1.6975"," 7.178"," 6.750"," -9.6157"," 2.40386"
"162","ID162"," 5.9108",0,"C","A","B","C","1","1"," 8.07834"," 6.7044"," 2"," 0.81681","  5.5412"," 23.88284"," 8.47313"," 2.39504","  6.3510","12.38636"," 8.4240","10.2811","28.0384","  1.7239","11.2102"," 4.323"," 7.280","  7.9420","16.70581"
"163","ID163"," 7.4885",0,"C","A","C","A","1","0"," 6.69204"," 8.0060"," 7"," 0.75963","  0.5922"," 12.42005"," 4.75031","14.67732","  8.5774","13.52078"," 6.6151"," 8.1231","18.0399"," -0.3764"," 9.3860"," 4.306","14.038","  8.6613","31.33362"
"164","ID164"," 4.3065",0,"C","A","A","A","0","1","-0.68571"," 1.5357"," 2"," 0.14390"," -2.3319","-10.02768"," 2.83435"," 1.83854","  1.6801","13.47517"," 5.3762"," 3.9163"," 2.6605","  0.0633"," 0.9970"," 4.808"," 7.806","  3.4643","15.49008"
"165","ID165"," 7.9497",1,"C","A","C","C","0","0","-1.33975"," 2.9417"," 4"," 4.13211","  0.8837"," -9.43022"," 2.60311"," 5.01910","  6.1261"," 2.14978"," 4.2800"," 0.9069"," 7.9312"," -0.1737","-1.2397"," 7.880","11.428"," 12.6993"," 5.21389"
"166","ID166"," 4.2992",1,"C","A","A","A","1","0"," 2.18303"," 0.5211"," 0","-1.47118"," -2.8770","  7.79832"," 1.35526","-0.99270"," -0.2365"," 0.85836"," 6.5675"," 5.5592"," 8.4371"," -4.5040"," 7.4173"," 7.392","11.129","  0.4169","-3.22846"
"167","ID167"," 5.2650",1,"C","B","C","A","0","0","-0.27308","-0.1203"," 0","-0.07510"," -1.4347"," -4.05956","-0.55713","-1.43977"," -2.1887"," 3.07282"," 2.8384"," 2.7575"," 1.4622"," -0.0510","-2.0846"," 0.912","-0.232"," -3.2766"," 1.55147"
"168","ID168"," 2.6972",1,"C","A","C","A","0","1","-0.00208"," 1.8696"," 2"," 2.67360","  2.2966"," -3.39848"," 2.65867"," 4.16929","  3.5590","-1.82476"," 2.8804"," 4.5027"," 6.5904","  0.9476"," 0.4332"," 4.769"," 6.076","  6.0856"," 0.91841"
"169","ID169"," 5.0292",0,"C","A","A","C","1","0"," 4.22528"," 3.2219"," 4","-0.95079"," -3.2156","  8.29524"," 1.20469"," 9.82483","  0.7422"," 0.87887"," 1.3072"," 7.2484","12.0476"," -0.3644"," 7.6133"," 3.909","10.541","  2.5011"," 8.99860"
"170","ID170"," 5.8588",1,"C","B","C","A","1","0"," 0.24956"," 1.4393"," 2","-0.01156","  0.9216"," -5.86786","-1.26079"," 1.41556","  2.3996"," 2.15119"," 0.8353"," 3.8802","-3.0694"," -3.4431"," 3.9932"," 1.556"," 7.969","  0.9430"," 2.56300"
"171","ID171","10.1466",1,"B","B","B","A","1","0"," 4.31709"," 3.4558"," 3","-0.37157"," -5.2425","  6.17685"," 2.95634"," 4.12617","  1.8860"," 2.04493"," 6.7517"," 8.7513"," 7.6262","  2.7837"," 7.3847"," 6.487","11.918","  1.4590"," 6.15136"
"172","ID172"," 0.8494",0,"C","A","B","A","0","0"," 0.03113","-2.2356"," 0"," 1.87317","  3.2423"," -0.90038","-1.54374","-0.19578"," -3.1516"," 7.83827","-2.6782"," 3.4565"," 5.6624","  2.5772"," 0.1721"," 6.720"," 7.518"," -0.3480"," 8.25906"
"173","ID173"," 4.6508",1,"C","D","B","A","0","0","-3.20121","-7.6756"," 0"," 0.33611","  0.3884","-10.38343","-6.20986","-0.70665"," -5.1375"," 1.40306","-2.7248"," 1.0773","11.9020"," -0.5822","-3.6727"," 3.914"," 4.123"," -4.1627","-1.01820"
"174","ID174"," 6.5207",0,"C","A","B","A","1","0"," 4.55195"," 5.5812"," 8","-2.24443"," -0.6060"," -0.45295"," 5.06272","18.95632","  3.8940","14.29360"," 7.8399"," 6.6933"," 8.5517","  0.9784"," 7.5547"," 7.369","15.554","  2.2811","35.07335"
"175","ID175"," 3.9836",1,"C","A","C","A","0","0"," 0.10991","-0.5739"," 0","-2.66117"," -1.2691"," -2.12134","-4.95503"," 0.61000"," -2.3421"," 2.64677","-3.0003"," 2.6090"," 4.1796"," -5.3002"," 1.5989"," 3.203"," 3.722"," -5.2454"," 5.27085"
"176","ID176"," 3.7365",0,"C","B","C","A","0","0","-0.46115"," 2.9746"," 4","-0.25930","  2.9349"," -8.86335"," 1.86293"," 5.99281","  1.8626"," 0.37543"," 4.8660"," 1.8916"," 0.1914"," -6.9819","-0.5828"," 5.802"," 8.090","  2.8257"," 7.57373"
"177","ID177"," 2.2546",0,"B","A","C","A","0","0","-0.02643","-2.2592"," 0","-5.40853"," -4.1788","  3.35810","-2.40807","-0.16178","-10.5399","10.02367","-0.8337"," 1.5216","11.2687"," -0.3682"," 1.4910"," 2.079"," 2.920","-15.2905","14.90861"
"178","ID178"," 3.5450",1,"C","A","C","A","0","0"," 0.76990","-0.2071"," 0"," 0.73613","  1.4947","  0.43014"," 1.20243"," 0.98005"," -2.8942","-1.56450"," 1.4972"," 3.3555","-0.6731","  5.0626"," 1.3530"," 5.454"," 6.254"," -2.3691","-2.25270"
"179","ID179","13.9291",1,"B","B","A","A","1","1"," 5.69345"," 7.3081","11","-3.60570"," -8.5464","  2.24048"," 9.99842","27.36194","  6.4047"," 1.22398","11.0593","11.7385","25.0225"," -2.9586","10.5346"," 1.928","14.617","  2.4817","28.49912"
"180","ID180"," 9.1643",1,"B","A","C","B","1","0"," 3.13677"," 2.6148"," 4"," 1.01356","  1.0211","  2.42872"," 3.63406"," 6.39434","  4.2920"," 0.55334"," 3.2285"," 4.4185"," 7.4216","  0.6812"," 9.0746"," 4.022","10.385","  4.9434"," 6.84867"
"181","ID181","11.6623",1,"A","A","B","A","0","0"," 4.30036"," 5.2765"," 6"," 6.55416","  6.2833","  3.65049"," 8.62840","10.31106"," 11.2814"," 1.87255","10.8936"," 5.4617","12.8399","  3.0940"," 4.9621"," 3.505"," 8.948"," 21.5372","16.23194"
"182","ID182","11.9596",0,"A","D","C","C","1","1"," 6.92694"," 9.6325","10"," 7.05668"," 14.9324","  9.98781","12.03574","19.53939"," 14.3629","13.09435"," 9.6903","11.9011","43.1026","  3.9012"," 8.5533"," 7.680","19.471"," 25.0291","34.22645"
"183","ID183","13.1222",1,"C","B","B","A","1","0"," 3.72840"," 8.0820","11"," 0.59637","  0.9808"," -8.00805","10.52261","15.21879","  9.5621","12.38520","10.4959"," 7.1456"," 3.3620"," -4.1314"," 6.2377","10.903","23.536"," 11.6774","27.65972"
"184","ID184"," 3.4993",0,"C","B","A","A","0","1"," 2.88924"," 2.9920"," 0","-3.51382"," -8.7959","  7.71506"," 2.90285","-0.12997"," -0.0763"," 4.64118"," 6.1586"," 7.5402"," 3.3333"," -1.1624"," 2.6337"," 3.226"," 2.330"," -3.0416"," 7.60335"
"185","ID185","13.8134",1,"B","A","B","C","1","0"," 5.98408"," 4.3079"," 5"," 3.22859","  5.4973","  8.91227"," 7.49001"," 9.13495","  5.5914"," 0.13169"," 6.6744"," 8.7850","16.0439"," -1.9644"," 9.9782"," 3.982","10.385","  9.5567","11.67430"
"186","ID186"," 1.7200",0,"B","A","C","A","0","1","-0.40134","-2.5706"," 0"," 7.46728","  6.5145"," -0.59458"," 0.21234","-0.82564","  4.3132"," 0.77768"," 1.0523"," 2.1219","17.0210","  0.1577"," 2.4801"," 4.903"," 6.819"," 13.9481"," 2.98643"
"187","ID187"," 1.1848",0,"A","D","A","A","0","0"," 0.01788","-1.0752"," 0","-0.64158","  0.7516","  0.03710"," 2.29831","-0.95414"," -4.7593"," 6.12424"," 8.2426"," 4.4313"," 0.2101"," -2.4168","-0.8031"," 7.611"," 7.683"," -2.8868"," 3.18403"
"188","ID188"," 2.8556",0,"B","D","C","A","0","0","-1.41124","-2.2643"," 0"," 6.42791","  9.8434"," -5.60944","-0.45167","-1.39222","  3.9937","-0.32952"," 0.2366"," 2.5213","15.6891","  0.6103","-1.7542"," 5.008"," 4.544"," 12.3427","-2.40257"
"189","ID189"," 2.8189",0,"C","A","C","A","0","0","-2.35155","-4.7735"," 0"," 1.74473","  1.6700"," -5.14239","-6.94684"," 0.53251"," -6.5094"," 0.09893","-6.0118","-1.0670"," 7.1986"," -0.2284"," 0.1213"," 2.083"," 2.746"," -3.8120"," 5.50247"
"190","ID190"," 3.6199",1,"C","B","A","A","0","1","-2.56239","-1.3668"," 0","-3.13036"," -0.2858","-11.21875"," 0.63291","-1.36001"," -6.6578"," 0.81571"," 3.1943","-0.5386"," 3.1739"," -4.7676","-3.2189"," 6.104"," 8.243"," -8.7869","-3.14649"
"191","ID191"," 2.6922",0,"C","A","A","A","0","0"," 0.62122"," 3.4690"," 2","-2.35181"," -3.3465"," -4.38385"," 5.62953"," 2.41800","  2.4481"," 3.07394"," 9.0052"," 3.1555","-1.3951"," -2.0182"," 1.3399"," 5.927"," 7.085","  1.5624"," 9.20081"
"192","ID192"," 5.0882",1,"B","C","C","C","0","0","-0.29022","-1.1768"," 0"," 3.35277","  2.5407"," -5.02920","-3.93122","-0.85026","  0.7299","-0.03029","-1.8398"," 5.1103"," 7.5654","  3.7684"," 1.2070"," 3.836"," 4.321","  4.7004"," 0.74635"
"193","ID193"," 8.1696",1,"C","A","A","A","1","1"," 6.28510"," 4.2044"," 4"," 2.58900","  4.6998"," 11.09399"," 4.97909"," 8.86953","  8.6455","12.69415","13.0670","10.0938","22.4736","  0.2509"," 9.8846"," 4.354","11.417"," 12.6711","22.45553"
"194","ID194"," 2.3965",0,"C","D","A","A","1","1"," 4.99668"," 2.4489"," 1"," 0.14110","  2.0061"," 12.10157"," 5.79268"," 3.03448","  2.1157"," 2.60957","12.4134"," 8.9120","13.3622"," -3.4142"," 6.7925"," 3.425"," 7.007","  2.9173"," 6.10730"
"195","ID195"," 3.0304",0,"C","C","C","A","0","0"," 0.81833"," 2.3586"," 1","-5.98598"," -8.7023","  1.62729"," 2.97813"," 2.02074"," -2.3657"," 1.05322"," 6.9600"," 3.0449"," 8.0257"," -1.1462","-0.6258"," 3.606"," 5.811"," -8.0264"," 1.10381"
"196","ID196"," 2.8237",0,"C","A","C","A","0","0","-0.99212","-0.9291"," 0","-0.35452","  2.1832"," -5.55100"," 1.53959"," 0.39512"," -2.3288"," 6.67642"," 0.6815","-0.0185"," 0.0863"," -4.6172","-1.2595"," 3.806"," 3.965"," -1.6094"," 6.35765"
"197","ID197"," 3.1595",1,"C","A","B","A","1","0"," 2.07978","-1.7299"," 0","-0.21684"," -1.9121","  8.83074","-0.95043"," 0.27635"," -1.7204","-1.53495"," 1.1797"," 5.0332","12.6872"," -2.5847"," 6.6292"," 5.731"," 8.079"," -3.0192","-0.47260"
"198","ID198"," 3.5199",0,"C","A","C","A","0","0"," 1.55626"," 1.3088"," 1","-3.05841"," -4.2472","  5.16531"," 5.75523","-0.40691"," -1.7244","11.33137"," 3.3085"," 4.8248"," 0.3782"," -1.7834"," 0.9104"," 8.090"," 9.529"," -4.4926","12.19280"
"199","ID199"," 8.4568",1,"B","A","B","A","1","1"," 6.52224"," 6.5229"," 4"," 1.12541","  2.1192"," 13.74626"," 7.34410"," 6.80469","  6.8844"," 1.08532"," 7.2507","10.8328","21.5488"," -2.2857","10.6579"," 3.635","10.853","  7.4238"," 4.66178"
"200","ID200"," 4.4535",1,"B","A","C","A","0","0","-3.46742","-5.1550"," 0"," 1.62470","  1.3495","-10.78796","-1.23726"," 0.77505"," -1.0143","-0.65810"," 0.9457","-0.4422"," 8.1278"," -0.2748","-2.7739"," 3.630"," 4.078"," -0.4472","-0.60244"
"201","ID201","14.9643",1,"A","A","A","A","1","0"," 7.75459"," 5.3119"," 9","-1.48895"," -1.6428"," 11.37576"," 6.83245","15.09185","  4.9922","-0.40063","10.4623","11.9271","23.9749","  2.9200"," 9.8258"," 5.328","16.308","  4.2088","13.99332"
"202","ID202"," 4.0698",1,"C","A","C","A","0","1","-2.54674","-3.4527"," 0","-0.09573"," -0.9127"," -7.39890","-3.90696","-0.99602"," -6.3405"," 1.65236","-4.3210"," 0.9929"," 1.8786"," -5.6545","-2.1954"," 2.956"," 4.031"," -7.4384"," 0.36609"
"203","ID203"," 7.3799",1,"A","B","A","A","0","0"," 1.90863"," 0.5040"," 1"," 1.51351","  0.1573","  5.06871"," 3.47902"," 2.36255","  3.7013"," 0.63293"," 4.1694"," 4.7675"," 0.8578"," -5.1032"," 3.4296"," 4.178"," 5.274","  5.7087"," 4.62580"
"204","ID204"," 7.0245",1,"C","A","B","A","1","0"," 3.21026"," 1.8615"," 1"," 1.73602","  1.6599","  6.35315","-0.76930"," 0.91392","  1.4820"," 0.17583"," 5.0347"," 5.5388"," 7.4804","  0.7247"," 7.1107"," 8.201","12.578","  3.4058"," 3.30618"
"205","ID205"," 2.7037",0,"C","A","B","A","0","0","-0.25611","-4.8622"," 0","-3.21822"," -2.6613"," -2.20352","-5.43560"," 0.17526","-14.1031"," 3.52079","-3.6962"," 2.7093","10.2145"," -2.2680","-0.5252"," 5.646"," 3.685","-17.0713"," 4.91574"
"206","ID206"," 6.3506",1,"C","A","C","A","0","0"," 2.19248"," 1.8938"," 2"," 1.49265","  2.2739","  2.26785"," 0.52268"," 7.63452","  1.7818"," 1.10295"," 4.6311"," 4.5748"," 0.4306","  0.0862"," 3.3127"," 2.319"," 4.737","  2.0181"," 7.02149"
"207","ID207"," 5.8693",0,"D","B","B","A","0","0"," 0.48956"," 2.3869"," 3","-0.18606"," -0.0914","-10.92764"," 0.88993"," 6.73170"," -0.8555","13.13178"," 3.3922"," 2.5154"," 0.4111","  1.3530"," 1.3941"," 3.949"," 5.844"," -0.1650","20.68656"
"208","ID208"," 1.0016",0,"C","A","A","A","0","0","-0.53097"," 1.7818"," 2","-2.28280"," -1.1085"," -5.79645"," 0.29505"," 3.85658"," -2.4610","13.52040"," 1.3700"," 1.4275","-0.7880","  2.2764"," 0.0722"," 7.154"," 8.788"," -3.7688","18.93849"
"209","ID209","15.5692",1,"C","A","C","A","1","1","10.10660","14.2553","11"," 5.77399"," 11.2307"," 17.13827","16.85512","25.31467"," 27.2419"," 1.72020","17.9973","14.6150","47.8117","  0.2676","13.9064"," 7.674","18.504"," 37.9538","27.80273"
"210","ID210"," 4.1572",1,"C","A","A","A","0","0","-2.95661","-2.4260"," 0"," 1.83848","  0.9940","-10.99014"," 1.57209","-0.31046"," -6.6797"," 3.52159"," 4.2370"," 1.7642"," 4.3996","  3.6076","-2.9957"," 3.445"," 2.043"," -5.4464"," 0.68595"
"211","ID211"," 4.8935",1,"C","A","B","A","0","0","-1.25318","-3.3572"," 0"," 3.50336","  5.4726"," -5.27250","-6.19978","-0.57017"," -2.0158"," 4.63837","-5.7715"," 2.3280"," 9.5615","  6.1721","-1.4511"," 4.102"," 1.753","  0.2104"," 3.49879"
"212","ID212"," 3.2015",1,"C","A","B","A","0","0","-0.08210"," 0.9226"," 1","-1.35190"," -0.7842"," -6.17105"," 2.78189"," 3.53435","  0.5870"," 1.14007"," 4.3174"," 1.3017","-0.0806"," -3.7954","-1.4401"," 2.857"," 3.822"," -1.3329"," 3.30175"
"213","ID213"," 2.3576",0,"C","B","C","A","0","0"," 0.39991"," 2.5996"," 1","-4.77849"," -8.1104"," -2.92781"," 1.41526"," 2.60154"," -6.7556","12.95900"," 3.5440"," 3.8543"," 3.6795","  2.0079","-0.8933"," 1.458"," 3.624","-11.6848","15.91777"
"214","ID214"," 4.5016",0,"C","A","C","A","0","0","-1.06661"," 2.7064"," 1","-1.67276"," -0.8342"," -4.48646"," 2.69394"," 3.12756","  2.7292","12.83676"," 4.2564"," 0.3543","-0.5402","  4.5022","-0.4102"," 3.138"," 3.996","  2.7068","16.22670"
"215","ID215"," 3.1581",0,"C","C","C","A","0","0","-0.53206"," 1.0904"," 0"," 3.07385","  3.4755"," -2.77890","-0.12865","-0.47025","  6.2504","11.25069","-0.5455"," 3.3469"," 2.1029","  3.5441","-1.5101"," 4.852"," 5.825","  8.4092"," 8.90951"
"216","ID216"," 9.1237",0,"B","D","A","A","0","0"," 2.16830"," 5.0048"," 4"," 1.96821","  0.5426"," -1.62563"," 0.97112"," 6.79257","  4.3447"," 2.96462"," 0.3010"," 3.9187","-0.4912","  3.4413"," 2.0986"," 7.471","12.121","  5.4958","14.56344"
"217","ID217","10.2786",1,"C","A","C","C","1","1"," 4.63851"," 5.5168"," 9"," 6.09323","  7.1715"," -4.02241"," 7.40088","19.74567"," 15.6767"," 4.36090"," 8.7276"," 7.5098","26.5206"," -1.8237"," 6.7862"," 4.197","13.940"," 25.7816","27.69867"
"218","ID218"," 2.3910",0,"C","A","C","A","0","0"," 0.50311","-2.0519"," 0","-3.46452"," -2.4520","  2.00170","-2.65436","-0.83029"," -8.8951"," 1.71486"," 0.3231"," 2.9848"," 4.9628"," -0.6141"," 0.6996"," 7.173"," 7.009","-12.6983"," 3.43167"
"219","ID219"," 3.5167",0,"C","A","A","A","0","1"," 1.73908"," 0.0163"," 0","-0.94335"," -0.2743","  3.76643"," 2.37261","-0.64270"," -0.7675"," 1.93883"," 4.6932"," 5.9568"," 1.7871","  0.7381"," 2.2622"," 3.996"," 3.419"," -0.2010","-0.52301"
"220","ID220"," 6.0851",0,"A","A","C","C","0","0"," 2.81407"," 6.5880"," 5"," 0.68699","  1.1977","  0.28796"," 6.44600","12.85839","  6.5236"," 3.22630"," 8.1681"," 3.8871","-2.3653"," -0.3702"," 2.5228"," 8.977","12.176","  8.1476","18.41612"
"221","ID221"," 4.1698",0,"C","A","A","A","0","0"," 0.98501"," 2.3932"," 4"," 1.41223","  1.5637"," -8.05679"," 2.70169"," 8.10437","  5.1210","14.07523"," 2.1884"," 4.2324"," 3.9910"," -1.8624"," 2.5345"," 7.319"," 9.332","  8.6068","22.18144"
"222","ID222"," 8.3567",1,"C","A","C","A","1","0"," 4.10927"," 2.7738"," 2","-0.60952"," -1.4975","  6.10890"," 1.51331","-0.00102"," -1.5465"," 0.09067"," 3.6618"," 8.6545"," 7.9119","  0.3843"," 6.3459"," 3.171"," 6.711"," -1.8051"," 0.25310"
"223","ID223"," 3.6715",1,"C","A","C","B","1","1"," 3.58265"," 2.1712"," 0"," 4.19708","  7.3827","  7.77115"," 8.03134"," 2.05359","  4.2537"," 6.10672","10.2343"," 8.5398","15.9024"," -1.3664"," 7.6249"," 1.300"," 3.096","  9.6871"," 4.36675"
"224","ID224"," 7.5205",0,"D","B","C","C","1","0"," 6.88346"," 5.0420"," 4"," 2.45902","  5.5639"," 12.66940"," 2.71037"," 5.90620","  3.8040"," 0.48199"," 6.0313","11.8010","16.4135","  4.7679"," 8.7591"," 5.756","13.344","  7.4865"," 5.80263"
"225","ID225"," 7.5129",1,"C","A","C","A","1","0"," 2.07316"," 2.3701"," 4"," 2.01489"," -1.1569"," -2.86661"," 4.36636"," 5.77344","  4.8590","-0.76672"," 5.2192"," 5.4852"," 5.4327","  5.6315"," 5.7740"," 2.821"," 8.329","  7.8086"," 6.00171"
"226","ID226"," 7.9562",1,"B","B","C","B","1","0"," 4.18679"," 3.6868"," 2","-0.77549"," -3.5070"," 10.36216"," 6.66975"," 4.65772","  2.9514"," 0.58981"," 3.8508"," 9.4328","10.4868","  0.2209"," 9.5740"," 7.019","11.593","  2.7411"," 1.12695"
"227","ID227"," 2.6870",1,"C","A","B","A","0","1"," 0.30420","-1.5793"," 0"," 3.59404","  3.8590"," -0.75251","-1.76928"," 0.65853","  0.6494"," 7.99441"," 0.1593"," 4.5495"," 6.3830"," -3.4443"," 1.0477"," 4.376"," 3.956","  5.0508","10.07616"
"228","ID228"," 6.5724",1,"C","A","C","A","0","0","-0.23667"," 2.1917"," 2"," 1.12590"," -0.7354"," -4.55783"," 0.90745"," 4.14855","  0.5174"," 0.33940"," 3.3325"," 2.2725","-0.0949","  3.3467"," 0.2918"," 2.948"," 3.409","  1.5478"," 3.52544"
"229","ID229"," 1.4422",0,"C","B","A","C","0","0","-2.19818","-2.1610"," 1","-1.87163"," -3.5258","-10.09180","-2.40533"," 2.12402"," -7.1690","-0.78475","-0.1059"," 0.0147"," 3.2832"," -3.3603","-0.9057"," 8.033"," 7.969"," -8.5166"," 5.02528"
"230","ID230"," 3.9966",1,"C","A","A","C","0","0","-0.56615"," 0.9495"," 0"," 0.03300","  0.8099"," -2.63959"," 2.12155","-0.48986","  0.2455"," 4.83714"," 5.7321"," 1.9140","-1.0928","  3.0815","-0.4129"," 3.325"," 2.444","  2.3602"," 4.06323"
"231","ID231"," 3.6440",0,"C","A","A","A","0","0","-2.17947","-2.9396"," 0","-0.05667"," -0.1873","-12.67322","-2.22954"," 0.32824"," -6.9894"," 3.57572","-0.6409"," 1.3507"," 2.6348","  5.1327","-2.0220"," 3.862"," 2.575"," -6.2731"," 3.14290"
"232","ID232"," 3.8214",0,"C","A","C","B","0","1"," 0.18867"," 0.5386"," 1","-5.10110"," -4.8276"," -1.80563"," 0.44181"," 2.86516"," -1.1644","14.28863","-2.0438"," 4.1510"," 8.0239"," -0.3022"," 0.5023"," 5.422"," 6.341"," -5.0220","19.77885"
"233","ID233"," 8.0756",1,"C","A","C","B","1","1"," 6.05381"," 8.1209"," 4","-0.11205"," -1.6336"," 12.48640","10.65909","12.13972","  6.9120"," 6.30103"," 8.1677"," 9.6719","19.0616","  1.7277"," 9.5255"," 3.813"," 9.861","  6.7878","17.77033"
"234","ID234"," 9.1919",1,"C","A","C","C","1","0"," 4.48084"," 5.8323"," 5","-0.19375"," -1.6038","  5.75924"," 7.52051","12.56604","  5.1162"," 2.47759"," 4.9050"," 6.9610","10.7159"," -0.2400"," 8.6228"," 7.656","14.432","  6.4860","16.07247"
"235","ID235"," 7.1568",0,"D","A","C","A","0","0"," 4.79672"," 6.6793"," 5"," 1.76943","  2.9259","  2.91569","10.21779","11.46298","  7.3412","-0.05761","11.8519"," 7.6330","-1.4376"," -0.7888"," 5.5665"," 6.667","11.805"," 10.7770","11.99737"
"236","ID236"," 6.9161",1,"B","B","B","A","0","1"," 1.97594","-1.6773"," 0","-0.79889"," -0.6548","  1.81358","-2.66849"," 1.19781"," -4.1211"," 3.85169","-0.3652"," 4.4936"," 3.1041"," -2.9791"," 3.6972"," 3.095"," 2.620"," -4.6219"," 2.26619"
"237","ID237"," 2.4708",0,"C","A","A","A","0","1"," 1.22398"," 1.5784"," 0","-3.16889"," -3.6225","  2.15215"," 2.42839","-0.46229"," -2.8575"," 1.43359"," 2.8407"," 5.8964"," 1.7325"," -1.4514"," 1.1712"," 3.652"," 3.141"," -5.0662"," 1.53163"
"238","ID238","10.0551",1,"A","A","B","B","0","0"," 3.99663"," 3.6130"," 4","-0.24041"," -1.8026","  1.32643"," 6.28702"," 5.91285","  3.3372","-0.26106"," 9.1332"," 5.9511"," 0.4714","  4.0685"," 2.4654"," 2.771"," 4.616","  2.8106"," 4.50548"
"239","ID239"," 5.9054",0,"C","C","B","A","0","1"," 3.38343"," 2.0830"," 4","-2.61852"," -2.4765","  0.31889"," 2.36521","10.05657"," -3.3728"," 0.87769"," 4.9986"," 7.8762"," 7.2322","  1.1413"," 2.4122"," 6.835","10.650"," -4.4139","10.53294"
"240","ID240"," 3.0337",1,"C","B","C","A","1","1"," 2.20122"," 1.0798"," 0","-2.94328"," -3.0584","  7.73358"," 4.15584","-1.38155"," -4.7754"," 2.48968"," 6.1837"," 4.8190"," 8.2112"," -1.6620"," 4.2059"," 5.446"," 9.049"," -7.3799"," 0.99667"
"241","ID241","12.4583",0,"C","A","A","A","1","0"," 5.78430"," 9.1358","11"," 0.60835","  3.6502","  0.51835"," 6.92304","20.52242"," 13.3052","13.97532","10.9971","10.3924"," 9.5932"," -2.8465"," 9.6505"," 1.968","14.592"," 15.3928","39.44034"
"242","ID242"," 3.7613",0,"C","A","C","A","0","0"," 1.55592"," 2.4170"," 2","-3.29580"," -4.9302","  0.45681"," 1.30984"," 1.92198","  1.9402","13.25189"," 3.9136"," 3.4889"," 0.8862"," -2.1100"," 3.5005"," 2.657"," 5.035","  0.4022","14.15232"
"243","ID243","10.3738",1,"C","A","C","B","1","1"," 6.88383"," 6.5946"," 6"," 0.33614","  2.5791","  9.66265","11.27479","12.50235","  8.4103"," 1.88338","11.2766","12.0108","21.5632"," -2.4826"," 9.4161"," 6.840","15.327"," 11.3924","16.16749"
"244","ID244"," 5.6290",0,"C","C","B","A","1","0"," 2.18239"," 4.0604"," 5"," 0.70210"," -0.9527"," -1.81953"," 4.69758","10.91279","  4.6256"," 0.74825"," 8.1376"," 4.4318"," 4.1800","  2.3702"," 2.3728"," 3.211"," 9.567","  5.1607","13.98461"
"245","ID245"," 4.8654",0,"C","A","A","A","0","1"," 5.81786"," 4.7269"," 3"," 5.21612","  7.7375"," 13.88064"," 4.91702"," 3.30905","  9.4872"," 0.35378"," 9.2122"," 9.6596","12.1153"," -2.7215"," 4.7841"," 4.090"," 8.110"," 15.9391"," 3.17302"
"246","ID246"," 4.3258",0,"C","B","C","A","0","0","-5.18850","-4.9108"," 0"," 0.16477"," -2.0041","-18.71009","-3.36989"," 1.52642"," -5.3607"," 0.25739","-0.2408","-2.0255"," 5.0759","  0.5741","-8.4178"," 2.911"," 2.407"," -4.3183"," 1.41317"
"247","ID247"," 5.5548",1,"C","A","B","A","0","0"," 0.01373"," 2.9075"," 3"," 2.77866","  5.3153"," -7.51461"," 2.84605"," 7.31407","  0.6306"," 1.70521"," 5.7671"," 0.7221"," 1.7876","  4.4403","-1.4434"," 3.918"," 5.722","  3.2419"," 4.94158"
"248","ID248"," 4.1154",1,"C","A","A","C","0","0"," 0.23621","-0.4290"," 0"," 3.49265","  4.5846","  0.07859","-0.30192","-1.06975","  3.5644"," 1.23850","-0.6155"," 2.7090"," 6.4430","  2.8685"," 1.4858"," 5.247"," 4.505","  7.1626"," 0.78328"
"249","ID249"," 3.7351",0,"C","D","A","A","1","0"," 3.70061"," 2.1023"," 2"," 1.78263","  1.4836","  7.17837"," 2.63782"," 2.98410","  1.6920"," 1.65324"," 5.4791"," 6.7276"," 9.9008"," -0.0946"," 6.4404"," 8.601","12.071","  5.9778"," 2.68318"
"250","ID250"," 5.6890",0,"A","D","C","C","0","0"," 3.49575"," 2.3992"," 3","-0.59533"," -0.6890","  5.70383"," 3.78232"," 9.53893","  1.1968","14.10660"," 2.1763"," 5.6279","-0.3164","  2.8566"," 1.9396"," 3.798"," 6.951","  2.9287","26.46621"
"251","ID251"," 3.9559",0,"C","A","A","B","0","0"," 0.24807","-1.8535"," 0","-0.80877","  0.1973","  1.17686","-2.01584","-1.78472"," -0.8122"," 2.89640","-1.1128"," 3.1744"," 2.5722","  6.0634"," 0.1665"," 2.338"," 1.794"," -0.4920"," 1.67897"
"252","ID252"," 2.3204",0,"C","D","C","A","0","0","-1.55611","-1.0508"," 0"," 0.94372","  1.9298"," -3.95993","-4.07724","-0.45011"," -1.3430"," 2.22573","-3.4113"," 1.6383"," 3.0373","  0.3604","-2.8849"," 3.710"," 4.247","  1.3491"," 2.88321"
"253","ID253","14.8449",1,"C","C","C","C","1","0"," 6.82007"," 7.4758","10"," 1.41189","  5.0352","  3.57169"," 6.15945","14.47850"," 10.6689","-0.80939"," 4.9998","10.8637","12.8631"," -1.9984"," 9.7758"," 4.463","14.112"," 12.4849","15.31247"
"254","ID254"," 7.7916",1,"C","B","B","A","1","1"," 4.41218"," 6.1235"," 6"," 0.58478","  0.0554","  5.39960"," 9.48067"," 7.65357","  5.0634"," 0.21353","10.1627"," 8.4934","15.4758"," -0.8259"," 7.4386"," 3.876","11.429","  6.3688"," 8.22950"
"255","ID255"," 6.2504",0,"C","A","C","A","0","1"," 2.22136"," 5.8249"," 5","-4.62874"," -8.0208"," -6.70320"," 5.50027"," 6.95571","  3.6325","14.93557"," 7.3186"," 3.5012","10.5866","  2.1403"," 3.0351"," 4.266"," 8.640","  0.0231","24.58062"
"256","ID256"," 1.4881",0,"B","A","A","B","0","0","-1.33302"," 1.4775"," 0"," 2.64548","  8.9103"," -6.41381"," 1.59329","-1.48363","  5.8955"," 0.60742"," 1.3398"," 1.0566"," 2.8562","  5.9074","-0.7740"," 5.070"," 4.210"," 10.6670"," 0.26612"
"257","ID257"," 2.6819",0,"C","A","B","A","0","0","-2.11977","-4.6213"," 0","-1.66686"," -2.8687"," -7.52911","-5.67119","-0.92296"," -5.6116"," 1.50284","-5.7065","-2.2118"," 6.1087"," -1.4231","-2.0808"," 4.026"," 5.018"," -7.4971"," 0.00581"
"258","ID258"," 6.4666",0,"C","A","B","A","1","0"," 2.78832"," 6.7865"," 7"," 0.03693","  0.6868"," -4.95213"," 6.57953","15.17424","  8.5772","12.87155"," 9.4272"," 7.1509"," 0.7012"," -1.1487"," 4.8572"," 5.858","12.380","  7.8707","28.49431"
"259","ID259"," 4.5137",0,"C","A","C","A","1","0"," 1.88632"," 2.1649"," 5","-3.67618"," -2.1850"," -2.58080"," 2.63819"," 8.18268"," -2.1083","-0.66495"," 8.7974"," 5.3550","11.2250"," -2.2778"," 2.2658"," 6.529","13.489"," -2.5076"," 9.15438"
"260","ID260"," 4.7612",1,"C","A","C","A","0","0"," 1.06621"," 0.2929"," 0"," 4.75638"," -0.3546","  1.51875"," 0.23072"," 0.50004","  5.2678"," 2.31315"," 5.4252"," 3.4640"," 6.5071"," -2.7687"," 1.6746"," 3.852"," 4.076"," 13.5362"," 2.87806"
"261","ID261"," 5.0492",0,"B","B","C","A","0","0","-3.10419"," 0.6071"," 1"," 3.75059","  6.4495","-14.54304","-0.24065"," 2.06355","  4.6018"," 6.53842","-0.2118","-1.0784"," 4.5655","  1.9968","-3.7949"," 6.414"," 5.996"," 10.7600","10.20403"
"262","ID262"," 5.6590",1,"C","D","A","A","1","1"," 3.04302"," 3.9007"," 4"," 1.08744","  3.1073","  3.04275"," 5.18411"," 7.43480","  3.5858","-1.46681"," 6.3584"," 6.2094","10.7314","  2.8217"," 4.3750"," 5.594","11.326","  6.1216"," 7.10287"
"263","ID263","13.8980",1,"C","A","C","A","1","0"," 4.05444"," 7.5160","11","-1.13127"," -2.7542"," -7.60493"," 8.87684","18.94409","  5.9300"," 0.30213","11.7087"," 7.8353"," 6.8221"," -0.6940"," 7.4620"," 3.237","14.572","  3.7925","18.38751"
"264","ID264"," 4.4229",0,"A","C","C","A","0","0","-1.43114","-1.5182"," 0","-3.34739"," -3.8522","  0.02628","-2.00952"," 0.97310"," -6.5666"," 3.76875","-1.1866"," 1.8751"," 4.4926","  2.2610","-1.0107"," 4.286"," 4.450"," -7.5354"," 4.54189"
"265","ID265"," 5.5202",0,"C","A","C","A","1","0"," 2.99022"," 1.5281"," 2"," 0.29508","  0.5963","  8.39147"," 2.20018"," 3.98283","  1.7861"," 2.14294"," 8.4785"," 5.8991","10.3313","  1.4060"," 6.8124"," 5.167","10.713","  2.1776"," 6.89259"
"266","ID266"," 1.5215",0,"C","B","B","A","1","0"," 3.39015","-0.5418"," 0"," 2.81095","  7.1855"," 10.41209","-4.27411","-0.35993","  0.7797","10.27363","-0.7848"," 7.4676","13.2464","  2.0590"," 5.3890"," 7.606","10.463","  4.1910"," 9.69713"
"267","ID267","15.8719",1,"A","A","A","A","0","1"," 5.69216"," 7.9459","11","-0.45882","  1.1439","  2.18468","10.81884","19.80982","  4.6037","-0.32549","13.6559"," 9.5010"," 9.9670","  1.7724"," 5.5619"," 4.551","14.818","  2.0421","18.15704"
"268","ID268"," 8.5180",1,"C","A","C","A","1","0"," 3.48493"," 1.7088"," 4"," 2.40843","  1.2894","  6.91308","-1.15293"," 3.12245","  4.4639","-2.06757"," 2.6877"," 7.2601","13.7480","  2.0245"," 7.7874"," 3.638"," 8.900","  8.8319","-2.24269"
"269","ID269"," 4.5911",0,"A","C","C","A","0","0"," 0.95343"," 2.6961"," 2"," 6.27402","  6.5046"," -2.69657"," 8.55296"," 2.56035","  8.2356","12.88994"," 9.4690"," 4.6077"," 9.2261"," -0.9753"," 1.7869"," 6.695"," 8.825"," 16.6872","17.44392"
"270","ID270","15.3992",1,"A","A","B","A","1","1"," 5.67356"," 5.9134","11","-3.35298"," -6.0282","  3.70511","11.55557","25.33538","  0.8744","-1.18591","15.9222","10.1636","26.4684","  3.4817"," 8.2277"," 2.666","14.905"," -3.0473","21.58163"
"271","ID271"," 7.0753",0,"C","A","B","C","1","0"," 4.89444"," 5.8393"," 7"," 2.02713","  4.3820","  0.01895"," 5.61439","14.84698","  7.0270","15.20279"," 3.5736"," 7.5713"," 8.4778"," -1.4633"," 7.4540"," 3.800","13.108"," 10.0099","30.99940"
"272","ID272"," 4.1828",1,"B","B","C","A","0","0","-0.63890"," 1.8944"," 0"," 5.09416"," 10.2722"," -1.11960"," 3.07795","-2.71849","  6.6371"," 6.30714"," 4.5676"," 3.7971"," 5.0996"," -2.8496"," 0.2714"," 2.615"," 1.812"," 11.8099"," 2.77743"
"273","ID273"," 1.4137",1,"C","A","B","A","0","1","-0.08756","-1.0582"," 0","-3.62767"," -3.5853"," -2.30560"," 1.69581"," 0.29222"," -2.3568","-0.02984"," 6.0531"," 3.7712"," 2.4027"," -2.7817"," 1.9645"," 1.492"," 2.206"," -5.9018"," 2.08366"
"274","ID274"," 5.8697",1,"C","A","A","C","1","0"," 3.44065"," 2.5176"," 0"," 3.34511","  5.0437"," 10.85507","-1.58345"," 0.56532","  6.7985"," 4.81713","-4.4793"," 7.1183","11.0435","  1.7339"," 7.0464"," 5.255"," 9.123"," 11.9504"," 5.21742"
"275","ID275"," 5.9579",0,"A","A","C","A","1","0"," 8.13047"," 7.6669"," 4","-9.06536","-14.0966"," 24.29493"," 9.40464"," 4.12578"," -1.8530"," 1.80159","10.0287","10.7990","57.6235"," -3.4559","10.9641"," 6.713","13.776"," -9.6490"," 5.24457"
"276","ID276"," 9.2172",1,"C","A","B","A","0","0"," 3.13566"," 5.2564"," 2"," 1.61013","  6.4984","  4.07430"," 5.89880"," 4.00903"," 11.1625"," 0.48993"," 5.3636"," 3.7243","-1.7547","  3.8157"," 2.5123"," 3.709"," 5.793"," 14.4159"," 2.98416"
"277","ID277"," 5.1744",0,"C","A","A","C","1","0"," 2.71378"," 1.7642"," 5"," 1.10561"," -1.2369"," -3.76362"," 0.42535"," 6.57706","  4.3225"," 0.28315"," 2.5888"," 5.7741"," 5.0749","  1.0991"," 6.4133"," 5.188","11.307","  5.7899"," 8.34225"
"278","ID278"," 1.2163",0,"C","A","C","A","0","0"," 0.04104","-0.3100"," 0","-2.49211"," -3.1750","  1.45643","-0.05438","-1.18800"," -2.3753"," 2.02223"," 1.6015"," 1.8686"," 2.4845"," -4.0875"," 0.7919"," 5.900"," 6.115"," -2.3388"," 1.00940"
"279","ID279"," 1.4249",0,"C","A","C","A","0","1"," 0.35163"," 1.9443"," 1","-4.23469"," -3.5583"," -4.38038"," 3.12688"," 0.04141"," -2.6989"," 1.87844"," 4.3179"," 1.6357"," 6.2641","  4.5429","-1.1934"," 4.845"," 5.825"," -7.2989"," 8.00436"
"280","ID280","15.8728",1,"C","A","C","C","1","1"," 8.71479","10.2723","11"," 7.47837"," 12.1588"," 13.22592","13.37407","24.77925"," 19.8870"," 1.06247","15.5437","13.8079","50.8927","  0.9512","12.9291"," 4.404","16.522"," 33.3852","21.60798"
"281","ID281"," 6.0927",0,"C","A","B","A","0","0"," 1.18153"," 2.7751"," 4"," 0.48949"," -1.2589"," -4.51048"," 5.77036"," 7.00950","  3.1450","-1.02655"," 3.8389"," 3.4093"," 1.8011"," -3.3135"," 1.9432"," 3.349"," 7.461","  4.6212"," 9.14754"
"282","ID282"," 4.6443",1,"C","C","A","B","0","0","-3.56125","-3.4632"," 0","-2.53111","  5.0282","-11.22229","-4.04798","-1.04606"," -5.8059"," 6.10487","-2.1947"," 1.1065"," 6.2238"," -0.4802","-3.6420"," 2.737"," 3.552"," -8.0301"," 3.32973"
"283","ID283"," 5.6851",0,"C","B","C","B","1","1"," 4.13178"," 5.6570"," 5"," 6.39670","  9.9001"," -0.57323"," 6.45660","12.35965"," 11.3516"," 0.51004"," 5.9813"," 8.7864","22.8161","  6.8150"," 6.5207"," 8.699","17.848"," 21.2361","12.67889"
"284","ID284"," 1.9979",0,"D","D","A","A","0","1","-0.58550","-0.0135"," 0"," 3.30144","  1.6232"," -7.63113"," 2.18435","-1.15592","  4.0955"," 6.34532"," 4.4356"," 5.2245"," 6.4110"," -1.3675","-1.1768"," 2.788"," 3.595"," 10.6006"," 8.02676"
"285","ID285"," 7.0591",0,"C","A","A","A","1","0"," 3.81407"," 2.5484"," 4","-0.01514","  0.7794","  0.65587"," 1.85570"," 8.26084"," -0.4007"," 8.16721"," 6.5656"," 5.9541"," 7.8251"," -4.4374"," 7.4359"," 5.033","11.021"," -0.5168","18.24350"
"286","ID286","10.7244",0,"C","C","C","A","1","1"," 6.40793","10.0167"," 9"," 2.47695","  3.5199","  0.94716"," 9.67575","19.44176"," 17.6930"," 2.56615","10.8703","10.6124","20.6680"," -0.6710"," 7.4059"," 4.006","14.496"," 20.8668","22.95814"
"287","ID287"," 0.9510",0,"C","A","A","A","0","1","-0.78898","-4.5150"," 0"," 0.46156"," -2.2391"," -7.32717","-3.91879","-0.00714"," -5.1349"," 2.15791"," 1.2096"," 2.1864"," 3.5487","  1.4780"," 0.8902"," 8.829"," 8.898"," -5.3828"," 2.50016"
"288","ID288"," 6.8023",1,"C","A","B","B","1","1"," 2.43499"," 4.1260"," 5","-1.26956"," -0.4395"," -0.88885"," 4.62840"," 9.56772"," -1.8091","-1.69512"," 4.9936"," 7.8434"," 7.6201"," -1.4082"," 4.6103"," 4.574","12.676"," -2.3067"," 6.81256"
"289","ID289"," 6.9484",0,"C","B","B","A","0","0"," 2.51157"," 3.1949"," 5","-1.13327","  2.1765"," -3.38903"," 3.69999","10.11104"," -0.0238"," 1.14196"," 6.8228"," 3.8100"," 1.5886","  0.7047"," 2.2566"," 4.636"," 9.777"," -1.3932","16.92234"
"290","ID290"," 9.2391",1,"C","A","C","A","1","0"," 2.07074"," 2.1163"," 5","-0.46817","  3.5969"," -4.69935"," 0.09536"," 6.88066","  1.0068","-2.75536","-0.4525"," 7.1362"," 4.0044"," -2.2918"," 5.9641"," 7.010","14.562","  0.0227","-2.04275"
"291","ID291"," 8.9764",1,"A","B","A","C","0","0"," 3.81557"," 2.5928"," 2","-2.83949"," -5.2593"," 11.80520"," 0.56729"," 4.25466"," -0.2384","-0.57684","-0.6765"," 6.8862"," 1.4961","  0.2724"," 3.9548"," 5.687"," 7.356"," -3.3829"," 4.41370"
"292","ID292"," 5.9826",0,"B","A","C","A","1","0"," 4.42815"," 3.9071"," 2","-0.08138"," -4.4708","  9.30474"," 3.89810"," 5.89569","  0.4535"," 5.60908"," 6.4192"," 7.9921"," 9.3532","  1.3366"," 8.7297"," 4.379"," 8.839","  1.7505","12.61057"
"293","ID293"," 3.6098",0,"C","C","A","A","0","0"," 1.76205"," 5.3734"," 4"," 7.08594"," 13.2802"," -3.87607"," 4.12413"," 7.59024"," 11.9876","13.95431"," 7.5174"," 4.2461","11.3649","  0.6354","-0.0177"," 3.334"," 5.177"," 22.3454","22.25194"
"294","ID294"," 2.0999",0,"C","C","B","A","0","0"," 2.00509"," 1.8111"," 0","-4.82720"," -4.3864","  4.02938"," 3.91798","-0.28846"," -4.3669","-0.14877"," 5.6332"," 5.4768"," 2.5350"," -0.5143"," 2.6519"," 4.323"," 4.207","-10.8626","-0.11418"
"295","ID295"," 6.4183",1,"C","A","C","A","0","0"," 2.27982"," 1.5108"," 1"," 0.46016"," -1.5380","  0.32744"," 2.76743"," 2.04816"," -0.0740","-0.28796"," 1.6439"," 3.8570"," 0.0896","  0.9864"," 4.0003"," 1.500"," 2.440","  0.6637"," 2.55700"
"296","ID296"," 3.4396",0,"C","B","B","A","0","1"," 3.47207"," 1.7153"," 3"," 2.99647","  1.4795","  7.80671"," 3.78126"," 5.51107","  1.6785"," 1.68981"," 6.4124"," 7.0796"," 7.6323","  2.3151"," 2.4388"," 5.712"," 8.085","  4.8449"," 8.69167"
"297","ID297","10.3043",1,"B","A","B","A","1","1"," 5.59080"," 4.5996"," 8","-2.53656"," -5.8218","  8.08751"," 7.68399","16.71299"," -1.5307","13.79294","10.8607"," 9.2688","24.1104","  3.1678","10.8538"," 6.031","15.447"," -3.7965","34.08135"
"298","ID298","10.9428",1,"C","D","C","C","1","0"," 4.34352"," 4.1749"," 6"," 6.70569","  9.8187","  0.19240"," 0.00973","15.34859"," 10.3380","-3.40864"," 2.5747"," 9.4957","16.4555","  4.4370"," 6.5221"," 4.872","12.696"," 18.8890","15.28396"
"299","ID299"," 3.6075",0,"C","D","A","A","0","0","-1.91078","-4.6262"," 0","-5.90407"," -2.9913"," -7.16851","-4.26189","-0.09356","-13.6144"," 3.73002","-3.0012"," 0.9949","15.9831","  4.9847","-5.4099"," 4.951"," 4.111","-15.3255"," 1.10791"
"300","ID300"," 2.5507",0,"C","A","B","A","0","0","-2.42082","-0.1354"," 0","-3.08197"," -2.6055","-12.30638"," 1.17068","-0.84538"," -5.1684"," 3.75409"," 7.2694","-0.7420"," 2.0884","  5.2834","-1.1952"," 4.778"," 4.075"," -8.3508"," 2.71121"
"301","ID301","10.5895",1,"C","B","C","A","1","0"," 2.79723"," 2.9929"," 4","-5.76445"," -7.6200","  2.98398","-0.14695"," 9.27761"," -2.4125","-0.19735"," 0.1323"," 6.5828","22.5968"," -1.8891"," 5.6677"," 7.461","12.229"," -7.2771"," 8.40484"
"302","ID302"," 6.1985",1,"C","A","B","B","0","1"," 0.72837"," 3.6584"," 4","-5.94870"," -7.9645"," -6.20502"," 4.10773"," 5.71110"," -4.4300","-1.18097"," 5.5269"," 4.6326","15.1830"," -0.9014"," 0.0875"," 3.714"," 8.870"," -8.1122"," 5.35865"
"303","ID303","12.3251",1,"C","A","B","A","1","1"," 3.02545"," 5.0063","11","-2.32006"," -2.7615","-11.53504"," 3.80235","23.14867","  2.5730","-1.14600"," 9.7323"," 8.1734"," 9.2383"," -3.9150"," 6.2954"," 4.466","17.049","  1.1500","21.23269"
"304","ID304"," 8.0960",1,"C","B","C","B","0","0"," 1.66385"," 4.4926"," 3","-4.66873"," -5.4724"," -5.25810"," 5.62696"," 3.04453","  0.9691"," 0.87736"," 4.7105"," 5.1126"," 1.6997"," -6.5516"," 2.4722"," 6.397"," 7.915"," -3.4423"," 1.70919"
"305","ID305"," 4.1671",1,"A","B","B","A","0","1"," 1.40988","-1.2619"," 0","-2.98148"," -5.0771","  4.67029"," 2.06785","-1.68714"," -4.8559"," 6.82447"," 4.8581"," 6.2140"," 3.6596","  2.0522"," 1.8343"," 2.121"," 1.645"," -8.1193"," 5.81634"
"306","ID306","10.7998",0,"A","B","B","A","1","0"," 6.68093"," 7.8401","10"," 6.83475"," 14.2323"," 10.08357","12.94501","21.93325"," 15.7185","-0.37149","16.1544","10.9970","28.5030","  2.2027","10.9194"," 2.661","14.742"," 24.6360","22.00568"
"307","ID307"," 2.3835",0,"C","A","A","A","0","1"," 2.74086"," 2.0172"," 1","-0.74175"," -3.6885","  1.03779"," 1.88411"," 2.51395"," -1.1036"," 9.77714"," 2.8025"," 4.3612"," 1.2181","  9.7085"," 3.9089"," 4.109"," 5.413"," -2.1657","13.78599"
"308","ID308"," 2.8334",0,"C","A","C","A","0","1","-1.36432","-1.4580"," 1"," 4.20046","  1.1698"," -9.21953"," 0.62145"," 5.35429","  0.1335","-0.76321"," 5.6474"," 3.3586"," 9.0247","  1.4454","-1.8952"," 6.309"," 5.819","  5.5835"," 6.40073"
"309","ID309"," 6.2857",1,"C","A","A","A","0","1"," 3.04579"," 1.8468"," 4","-5.35453"," -8.9674","  1.08226"," 1.33698","10.13662"," -6.3924"," 1.66979"," 2.4881"," 7.3287","12.9346"," -1.9271"," 3.9035"," 2.683"," 6.702","-10.8247","13.87984"
"310","ID310"," 3.3613",0,"C","A","A","A","1","1"," 0.78313"," 1.2133"," 3","-1.14604","  2.6896"," -0.76164"," 4.41730"," 5.24743"," -0.2365","11.46622"," 5.5093"," 4.5689"," 5.8175","  1.9423"," 4.7769"," 6.961","12.506"," -1.1798","17.57361"
"311","ID311"," 8.1737",1,"C","C","B","A","1","0"," 4.45953"," 4.6468"," 2","-1.78761"," -1.3960","  9.21005"," 2.16929"," 2.74706"," -1.7252"," 1.11701"," 0.8500","10.0942"," 9.8004"," -5.3828"," 6.9058"," 1.961"," 5.487"," -3.0235"," 2.12355"
"312","ID312"," 6.1300",0,"D","C","C","A","0","1"," 7.02342"," 2.7838"," 1"," 6.98371","  8.5073"," 10.76219"," 0.50118"," 1.37517","  9.4031","-0.17186"," 3.8312"," 9.7201","15.7007"," -1.4409"," 5.6057"," 6.324"," 6.846"," 19.9744"," 1.24943"
"313","ID313","12.9571",1,"C","A","A","A","1","1"," 6.11088"," 7.8158","11","-1.35058"," -3.7714","  5.50081"," 8.88715","26.27206","  4.9808"," 0.89640"," 9.1034","10.4422","26.9376","  2.7043"," 9.2637"," 4.362","16.792","  3.3361","26.33624"
"314","ID314"," 5.8806",0,"C","B","A","A","0","1"," 2.82976"," 3.1385"," 4"," 1.75373","  2.1509"," -2.40281"," 4.84818"," 9.00618","  4.0540","14.09941"," 7.5044"," 8.3047"," 5.7430","  1.4288"," 0.0245"," 9.976","13.674","  5.7792","22.79657"
"315","ID315"," 3.4529",1,"C","B","C","B","0","0","-1.10679","-3.0505"," 0"," 2.32289","  1.0606"," -1.63242","-0.66981","-0.70844","  0.6163"," 0.55207"," 0.1877"," 2.3400"," 6.8280","  1.8507","-1.0139"," 8.859"," 7.312","  4.3190","-2.96937"
"316","ID316"," 5.5692",1,"A","B","C","A","0","0"," 2.59675"," 0.3939"," 0"," 0.71110","  4.0128","  7.17732"," 2.50273","-0.74678","  1.5172"," 0.26322","-0.8864"," 5.6136"," 0.1453","  0.6296"," 3.4793"," 2.184"," 1.271","  2.4485","-2.71831"
"317","ID317","11.1532",1,"C","A","A","A","1","0"," 6.21276"," 4.8323"," 5","-1.72911"," -1.5104"," 11.23392"," 3.44595"," 6.72269","  1.7617","-1.67669"," 6.4032"," 7.6107","18.7189"," -4.3520","10.7727"," 4.716","10.167","  1.2156"," 7.05954"
"318","ID318"," 4.9493",1,"B","A","A","A","1","0"," 1.34170","-1.8256"," 0"," 2.16151"," -1.1896","  4.34194","-2.41196"," 0.65990"," -0.1857"," 0.98532"," 0.4532"," 3.0729"," 9.7759"," -4.5034"," 5.3603"," 1.677"," 3.458","  2.6085"," 2.99495"
"319","ID319","15.2683",1,"A","A","C","A","1","0"," 8.00339"," 8.2789","11"," 2.51984","  1.6212"," 10.07584","12.57903","18.48786","  8.7205"," 1.05119","16.8329","10.1336","22.6034"," -4.0624","11.4054"," 2.550","15.858"," 14.4494","21.50175"
"320","ID320","10.2581",1,"D","B","A","B","1","1"," 5.18139"," 8.1861"," 8","-2.40626"," -2.2547","  0.53400","10.87991","17.97839","  5.8341","-0.20608"," 9.5636"," 9.4108","17.2518","  1.3475"," 7.4469"," 4.591","15.253","  4.3101","16.81558"
"321","ID321"," 0.2734",0,"C","A","A","C","0","1"," 0.00244"," 0.3882"," 0"," 0.66698"," -0.9583"," -4.51375"," 1.04660","-1.75457"," -0.0962"," 1.44773"," 4.2734"," 4.9553"," 2.2961","  0.1435","-0.5262"," 2.239"," 3.509","  0.4211","-1.17065"
"322","ID322","11.9021",1,"C","B","A","A","1","1","10.24551","11.2998"," 7","-2.67165"," -4.7229"," 20.87348","12.15414","15.03547","  7.5660"," 3.64196","16.7402","14.9046","32.7405"," -1.1349","12.4355"," 6.018","15.393","  4.6777","19.81192"
"323","ID323"," 5.0107",1,"C","A","B","A","0","0"," 1.02133","-1.9451"," 0"," 1.57218","  0.2333","  1.60605"," 0.75143"," 0.86240","  1.9896"," 4.00835"," 7.1567"," 2.6448"," 2.7668","  3.3964"," 0.4272"," 1.620"," 2.327","  4.9933"," 7.31771"
"324","ID324"," 2.7720",0,"C","A","C","A","0","1"," 0.81831","-2.2601"," 1","-1.12801"," -1.3333","  0.70460"," 0.50188"," 4.26554"," -3.9279"," 5.89891"," 5.1293"," 3.9840"," 2.8890","  3.1175"," 3.8736"," 4.241"," 3.876"," -4.3132","10.98154"
"325","ID325"," 4.5952",1,"C","A","A","A","0","0"," 1.95753"," 0.1647"," 0","-3.58247"," -3.3294","  3.29001"," 4.23154","-0.23133"," -1.7260"," 0.71209"," 4.2531"," 5.5145"," 4.6335"," -5.2774"," 2.3951"," 4.814"," 4.265"," -6.4126"," 1.16123"
"326","ID326","16.1927",1,"A","C","A","A","1","0"," 5.51238"," 6.9545","11"," 1.82576","  4.8731","  5.04086"," 9.95164","24.02436","  9.0035","-3.23773","12.5979"," 9.8990","19.6913","  2.1624"," 7.8864"," 1.528","15.373"," 12.0632","20.69485"
"327","ID327"," 3.1900",0,"C","A","B","A","0","1"," 2.24362"," 0.4746"," 0","-1.26079"," -1.1866","  6.59385"," 1.79004"," 0.61737"," -0.4939"," 3.61014"," 2.3976"," 5.1775"," 0.2437","  4.3443"," 2.7840"," 8.920"," 8.260"," -0.3759"," 7.18781"
"328","ID328"," 6.1097",1,"B","A","A","C","0","1"," 0.31081"," 1.4280"," 2"," 2.80407","  3.6012"," -5.17176"," 1.72302"," 2.82897","  6.9754","-0.24778","-0.5071"," 1.1110"," 6.2488","  6.0859"," 3.2779"," 5.593"," 7.613","  9.7397"," 2.80508"
"329","ID329"," 4.0887",0,"B","A","C","C","0","0","-4.71045","-5.1479"," 0","-4.24011"," -0.5590","-16.28153","-4.87617"," 2.51919","-10.0127"," 6.83321","-7.8878","-2.0032","10.5827"," -1.2550","-2.8535"," 3.078"," 2.546","-11.7866","10.06245"
"330","ID330"," 8.3106",0,"B","B","B","C","1","1"," 5.94478"," 6.7120"," 5","-3.36655"," -4.6892"," 13.16827","12.88063","12.36691","  4.0810","14.92454","13.3501","10.0920","23.1213","  1.6440","13.0736"," 2.566"," 9.282"," -0.1228","28.84908"
"331","ID331"," 5.1633",0,"A","A","C","A","1","0"," 4.97704"," 2.8988"," 1","-1.51465"," -1.7147"," 17.01928"," 4.93624"," 0.97647","  1.2755"," 1.38158"," 5.2743"," 8.2258","17.1354","  1.5917"," 7.3326"," 2.271"," 4.768","  0.3905"," 3.43460"
"332","ID332"," 4.1963",0,"C","D","A","C","1","0"," 2.85280"," 0.9548"," 0"," 2.15394","  2.4771","  6.42284","-1.37975"," 0.43569","  2.9480"," 0.73226","-0.2147"," 7.0174"," 8.1608","  6.1118"," 5.2003"," 6.940","10.309","  6.2159","-0.33018"
"333","ID333"," 8.7233",1,"C","D","A","A","1","0"," 4.00759"," 3.7993"," 4","-0.33455"," -1.0431","  1.42318"," 2.51886"," 5.26730","  3.6638","-0.38533"," 6.6362"," 8.0849"," 4.7916","  5.1427"," 5.6778"," 6.625","13.278","  1.8808"," 5.08844"
"334","ID334"," 4.0568",0,"C","D","C","A","0","0"," 2.68510"," 2.2677"," 1"," 1.24282","  4.8015","  6.34937"," 4.46259"," 2.15153","  1.8413"," 2.89552"," 8.4359"," 6.4349","-1.7125"," -2.3838"," 1.9151"," 3.538"," 4.634","  3.3936"," 7.56061"
"335","ID335"," 3.9147",0,"B","A","B","A","0","0"," 0.59092","-2.9865"," 0","-2.40933"," -3.4127","  1.63446","-4.23953","-1.42911"," -7.2124"," 7.87652","-3.0506"," 2.8349"," 6.8588"," -3.2656"," 2.1166"," 6.079"," 6.343"," -8.7172"," 6.09209"
"336","ID336","12.0508",1,"C","A","B","B","1","0"," 5.68357"," 6.7577"," 8","-5.61874"," -9.7953","  6.66938"," 5.61669","13.09224"," -1.0338"," 0.99138"," 8.5309"," 8.9992","28.0501","  4.9619"," 9.8565"," 2.444","12.196"," -7.0443","18.51653"
"337","ID337"," 4.7403",1,"C","A","C","A","0","0"," 1.25813","-2.6413"," 0"," 1.05783"," -3.2023","  0.00429","-0.74867"," 0.38735"," -3.4586"," 0.40346"," 3.2197"," 5.3411"," 4.4045","  1.7673"," 1.2181"," 3.428"," 3.317"," -2.2560"," 0.16965"
"338","ID338"," 1.6061",0,"C","B","C","A","0","0"," 0.20320","-0.6273"," 0","-0.85655"," -3.6071","  1.31609","-2.59853"," 2.24374"," -3.0857"," 4.72322","-0.3469"," 2.0250"," 0.0984"," -1.6036","-0.9399"," 4.162"," 5.336"," -3.4413"," 8.10703"
"339","ID339","10.5192",0,"B","B","C","A","1","1"," 6.34224"," 6.4525"," 8"," 5.59865","  7.1376","  6.36424","11.86726","16.21853"," 10.8565","15.13213","13.2806","11.3392","32.5131","  2.9965","10.0202"," 4.341","14.072"," 17.8541","31.65944"
"340","ID340","11.8488",1,"C","C","B","C","1","0"," 3.72337"," 2.3194"," 8","-0.69269","  0.9331"," -4.71713"," 0.93080","16.73997","  1.4405","-1.79731"," 3.3365"," 8.3891"," 8.5940"," -1.3423"," 5.8792"," 9.139","18.401","  1.8422","14.45178"
"341","ID341"," 5.2171",1,"C","D","C","B","1","0"," 1.50138","-1.3063"," 0"," 3.05149","  2.3677","  2.95838"," 0.56711","-0.85842","  1.2930","-1.27844","-2.6618"," 5.1335"," 8.1050","  3.1575"," 3.2837"," 4.916"," 9.568","  4.1053","-4.85898"
"342","ID342"," 8.0968",1,"C","A","A","C","1","1"," 5.69527"," 4.8976"," 4","-1.91354"," -2.5828"," 11.20137"," 6.22407"," 6.30202","  0.0434"," 3.20459"," 9.6016"," 8.3516","19.7011"," -2.7777","12.2087"," 2.613"," 8.157"," -2.6409"," 8.98232"
"343","ID343"," 4.7084",0,"B","A","B","A","0","0","-4.55563","-4.7765"," 0","-0.74287"," -1.1780","-16.49880","-7.14611","-0.96110"," -7.1847"," 1.57104","-2.9546","-2.1295"," 6.2435","  1.4631","-2.6840"," 5.283"," 4.395"," -6.3153","-1.85916"
"344","ID344"," 2.7844",0,"C","D","A","A","0","0","-1.97242","-3.8206"," 0"," 4.07807","  1.1655"," -4.69335","-3.93641","-1.99761"," -0.3094"," 7.45178","-2.6658"," 1.9901","12.0603","  5.5293","-4.0333","10.040","11.177","  3.9422"," 1.90874"
"345","ID345"," 2.2592",0,"C","C","C","A","1","0"," 3.88092"," 1.1664"," 1","-1.84805"," -2.2810","  9.93916","-2.07105","-1.30690"," -0.9832"," 1.23262"," 0.9361"," 8.9053","13.4148","  0.7515"," 3.8499"," 4.833","11.367"," -0.9227","-0.75643"
"346","ID346"," 5.5800",1,"C","A","C","C","1","0"," 3.67848"," 1.2893"," 1"," 0.79036","  0.9470"," 10.68666"," 1.14097"," 3.86723","  1.2722","-0.24697","-1.6547"," 7.2163","11.6918","  0.9716"," 8.8698"," 2.140"," 5.640","  1.1384","-0.06169"
"347","ID347"," 9.1086",1,"D","A","C","A","1","0"," 6.15928"," 5.1023"," 2"," 1.89197","  4.8359"," 14.75183","-0.48894"," 4.07611","  5.0850"," 0.12970"," 0.8439"," 9.8281","12.3062"," -4.9244"," 9.1559"," 1.790"," 7.162","  7.7583"," 3.62228"
"348","ID348"," 5.8435",0,"C","B","C","A","0","1"," 2.97718"," 2.0719"," 1"," 2.25924","  3.8190","  4.43349"," 3.59359"," 1.38522","  6.5011"," 5.43981"," 4.1807"," 6.7419"," 4.9450","  0.1889"," 4.1107"," 5.747"," 5.745","  9.3666","10.18085"
"349","ID349"," 4.0576",0,"B","D","B","C","0","0","-2.13923"," 0.6997"," 2","-4.11601"," -3.5530","-13.15927"," 4.98449","-0.06023"," -3.3067"," 1.24083"," 9.2170"," 0.5646"," 4.2300"," -1.1561","-3.1410"," 7.275"," 8.216"," -8.2293"," 1.53337"
"350","ID350"," 4.9654",1,"A","A","C","A","0","0","-3.22729","-5.7986"," 0","-1.82135"," -2.1386"," -8.63768","-2.04792","-0.14535"," -9.2285"," 0.71282","-3.3472","-0.4888"," 8.5337","  0.8509","-3.3227"," 3.010"," 4.094"," -9.4166","-1.37936"
"351","ID351","12.8899",1,"C","A","A","A","1","0"," 5.56090"," 6.3232"," 7","-1.08074"," -4.6392","  2.49954"," 7.26757","15.09798","  7.6146"," 1.50270"," 8.0212"," 9.2891"," 9.8401"," -1.3489"," 9.1369"," 4.330","12.088","  7.3333","14.83521"
"352","ID352"," 1.6484",0,"C","A","C","C","0","1"," 1.09021"," 0.2553"," 0"," 4.67451","  6.1246"," -0.38020"," 1.86641"," 1.65117","  3.5940"," 1.57573"," 3.0953"," 6.4158"," 8.0516","  1.0805"," 1.6322"," 4.043"," 3.059","  9.4767"," 5.75564"
"353","ID353"," 8.6083",1,"C","A","A","A","1","0"," 3.78302"," 3.9687"," 4"," 1.77964"," -0.2873","  5.38305"," 7.89257"," 5.30247","  8.0794"," 0.00904","11.0941"," 6.8300"," 8.7140","  1.6692"," 5.8155"," 4.464","12.745"," 10.3878"," 1.48651"
"354","ID354"," 7.3278",0,"C","A","A","A","1","0"," 3.21755"," 1.8904"," 2","-1.86680"," -3.7598","  6.10461","-1.76280"," 4.80035"," -1.0769","12.58551"," 0.5042"," 5.2655"," 9.2818"," -2.7643"," 6.9085"," 4.881"," 8.103"," -1.2592","17.73262"
"355","ID355"," 6.5101",0,"B","A","B","A","1","1"," 1.62600"," 3.2317"," 2"," 0.31591","  0.2018","  4.54779"," 0.49940"," 2.97137","  0.2657","13.09822"," 3.2910"," 5.1504"," 8.5174","  0.6493"," 6.0893"," 2.332"," 7.539","  0.7096","14.94185"
"356","ID356"," 2.4452",0,"C","A","A","C","1","1"," 3.09459","-0.3116"," 0"," 0.74162","  4.0023"," 11.66954"," 1.97997"," 0.92994","  0.7621"," 5.78680"," 4.2343"," 7.6843","12.9769","  0.4921"," 7.1264"," 2.962"," 6.936","  1.1149"," 8.25703"
"357","ID357"," 4.8041",0,"B","A","B","A","0","0"," 1.01483"," 1.3226"," 0","-1.87525","  0.6024"," -0.43595"," 3.57779"," 0.16550","  0.8713"," 2.58804"," 4.6445"," 3.7614","-0.8424"," -4.9232"," 2.1391"," 7.586"," 8.942"," -0.3832","-0.52653"
"358","ID358"," 6.5810",0,"D","A","B","A","1","1"," 8.03763"," 8.0898"," 1"," 0.89869","  0.5027"," 23.51326"," 7.08117"," 5.15588","  8.4573"," 4.34335","11.9441","12.4421","25.7834"," -1.1638","10.4621"," 3.613"," 7.483","  9.3106","11.32452"
"359","ID359"," 5.2096",1,"C","D","A","A","0","1","-1.83782"," 0.2739"," 1"," 3.29001","  6.4826"," -6.20685"," 2.01388"," 2.83491","  0.9698"," 0.72448"," 5.0732"," 2.8693"," 6.0475","  0.4553","-1.8690"," 2.452"," 3.639","  2.1208"," 2.20952"
"360","ID360"," 5.8957",1,"C","D","C","A","0","0"," 1.19634"," 0.7474"," 1"," 4.09648","  9.1917","  1.42833"," 1.84156"," 2.08798","  4.5756"," 1.69805"," 6.8296"," 4.7978"," 8.1264","  0.5767","-0.3276"," 3.305"," 4.592","  9.9097"," 4.62433"
"361","ID361","10.8590",1,"C","D","B","A","1","1"," 6.57276"," 7.5660"," 8"," 1.88972","  2.6078","  4.41159"," 7.97681","13.08585","  6.4635","-0.75589"," 9.9464","12.7448","20.8261"," -3.0088"," 7.2950"," 2.556","12.751","  9.0971","14.88541"
"362","ID362"," 7.1405",0,"B","B","B","B","1","0"," 3.73073"," 4.5300"," 5","-1.64172"," -1.6218","  4.70401"," 4.54706"," 6.82844","  1.3352"," 8.66110"," 2.9606"," 9.1319","10.2753","  1.6939"," 6.8837"," 3.448","10.632","  0.8809","12.83958"
"363","ID363"," 2.0672",0,"C","A","C","C","1","0"," 3.96723"," 2.6734"," 1"," 1.60229","  2.3509"," 13.32753"," 0.30366"," 2.85292","  1.9188","12.86996"," 1.4629"," 8.4683","13.3034","  4.1679"," 6.6285"," 6.042"," 9.729","  4.5522","14.31655"
"364","ID364"," 8.4525",1,"D","A","B","A","0","0"," 5.81828"," 5.6508"," 4"," 3.11452","  6.8045","  7.02282"," 4.20537"," 7.85008","  9.6233","14.30625"," 7.7485"," 8.6169"," 1.5125","  0.5906"," 8.0550"," 1.780"," 5.767"," 14.2826","20.71504"
"365","ID365"," 8.0311",0,"C","B","C","A","1","0"," 4.78968"," 4.5224"," 6"," 1.98155"," -0.6906","  5.24588"," 5.09443"," 9.81398","  1.9176","13.49233","10.3674"," 8.9177","12.0115"," -2.7910"," 9.5858"," 6.411","15.324","  4.2503","24.72481"
"366","ID366","14.6128",1,"C","B","C","C","1","0"," 6.43975"," 8.6790","11","-0.51837"," -1.5384","  4.24698"," 6.49079","18.16456","  6.6883","-0.76468","10.8905"," 9.2029","16.7992","  1.4543"," 9.4309"," 6.175","18.244","  5.8966","19.23330"
"367","ID367"," 3.7064",0,"C","D","C","A","0","0","-0.09015"," 0.3883"," 1"," 3.83240","  3.3521"," -0.95017"," 1.76379"," 0.90548","  3.0752"," 0.17907","-0.6386"," 3.8379"," 6.2777","  2.8441","-1.1061"," 2.007"," 2.998","  8.3308"," 1.40648"
"368","ID368"," 7.4438",0,"A","A","C","B","0","0"," 4.95898"," 5.5402"," 3","-0.65977","  1.7339"," 10.65603"," 8.92709"," 2.73186","  2.5860","-0.57025"," 8.3421"," 5.5700","-5.0628"," -3.3632"," 5.8953"," 4.621"," 7.068","  4.0629"," 8.74849"
"369","ID369"," 7.0693",0,"C","A","B","C","1","0"," 3.84863"," 8.5358"," 8"," 2.11974","  5.0619","  1.26944"," 8.59722","20.71872"," 12.8555","11.87014","11.9268"," 6.6518"," 8.7517","  0.2650"," 6.5050"," 7.594","15.560"," 15.5027","34.35408"
"370","ID370"," 3.6937",0,"C","A","B","A","0","1"," 2.83550"," 3.6681"," 1","-1.44210"," -3.7718","  4.97352"," 6.06203"," 3.49684","  0.5776","13.32235"," 5.8098"," 8.2001"," 0.3480","  0.4228"," 2.8352"," 7.021"," 8.639","  0.7442","19.08574"
"371","ID371"," 3.7154",0,"C","A","C","A","1","0"," 3.31044"," 4.0354"," 3","-0.81063"," -1.7252","  2.82996"," 7.69360"," 3.97479","  1.0506","12.59038"," 9.6750"," 6.1093"," 4.8824"," -4.1455"," 7.1603"," 2.559"," 8.168","  2.4799","16.66476"
"372","ID372"," 7.3100",1,"C","A","B","B","1","0"," 1.84599"," 2.9094"," 2","-0.73915","  2.5688","  1.36771","-0.47108"," 5.00703","  3.8741"," 0.38290","-2.2137"," 5.6669"," 3.2932"," -0.5195"," 4.7294"," 2.638"," 7.521","  5.0155"," 6.63836"
"373","ID373"," 7.0917",1,"B","A","A","A","0","0"," 2.00321"," 5.0993"," 3"," 6.49579","  8.1305","  2.02821"," 5.17494"," 6.01828","  6.7563","-0.85364"," 5.2432"," 4.5471","10.8235"," -3.9085"," 2.4934"," 3.252"," 6.168"," 14.5518"," 4.83470"
"374","ID374"," 6.3814",0,"C","A","A","A","0","0"," 4.59201"," 6.5150"," 4"," 5.53115","  8.8323","  7.67029"," 9.97889"," 7.30723"," 16.8307"," 1.27982","10.2402"," 6.4351"," 3.8106","  0.8831"," 4.0681"," 8.538","11.281"," 25.6736"," 8.16243"
"375","ID375"," 7.9662",0,"B","B","C","A","1","0"," 3.34824"," 4.0251"," 5","-0.78960","  2.5916","  4.66723"," 4.89216","12.97959","  2.6618","13.65846"," 5.7260"," 6.2169"," 9.7276"," -1.2326"," 8.1045"," 5.763","13.670","  0.8489","27.07359"
"376","ID376","10.4322",1,"D","A","C","A","0","0"," 5.93771"," 4.7158"," 6","-0.56758"," -0.0699","  6.76366"," 3.76165","12.78071","  1.8572"," 1.18852"," 6.5794"," 9.1262","-1.8219"," -0.0449"," 8.3389"," 4.915","10.631","  1.5985","12.52275"
"377","ID377"," 8.7686",1,"C","D","B","A","1","0"," 3.52618"," 4.2403"," 4"," 3.63121","  5.1531","  4.55620"," 4.58910"," 6.99234","  4.6822","-0.61566"," 2.8537"," 9.6812"," 9.4519","  3.3826"," 6.5558"," 1.581"," 5.203","  8.6995"," 9.02466"
"378","ID378"," 5.7623",0,"C","D","A","A","0","0"," 1.84699"," 2.1300"," 2"," 0.48346"," -1.5568","  0.55825","-0.72135"," 5.25857"," -0.7062"," 1.60548"," 0.7603"," 5.3248","-0.6227"," -0.8153"," 1.5061"," 4.959"," 7.172","  1.0536"," 8.16654"
"379","ID379"," 4.7121",1,"C","B","B","B","0","0","-1.97838","-5.6510"," 0","-3.04835"," -0.5055"," -7.44836","-7.73665"," 1.76683"," -7.7295","-0.17307","-4.8298","-0.0356"," 8.3344","  4.4333","-1.3511"," 7.362"," 8.515","-10.4352"," 4.32429"
"380","ID380"," 2.0985",0,"B","D","A","A","0","0"," 0.55129","-2.5308"," 0"," 3.97638","  5.6772","  1.96972","-3.85534","-0.31155","  2.2711"," 5.02568","-5.0760"," 3.5488"," 8.2376"," -0.9506"," 2.3229"," 1.750"," 1.325","  6.2669"," 3.69581"
"381","ID381"," 5.2494",1,"C","B","B","A","1","0"," 2.47268","-1.1161"," 0","-0.05215","  0.3077"," 10.97384"," 1.55968"," 0.42697"," -3.5480","-0.03463"," 4.9953"," 4.0861","14.8554","  2.4259"," 4.8324"," 4.019"," 7.876"," -3.1053"," 0.97959"
"382","ID382"," 3.1723",0,"C","B","C","A","0","1","-1.70422"," 1.1248"," 1","-1.31491"," -1.9118","-11.91735"," 5.81578"," 2.15458","  1.0618"," 2.44291"," 4.9850"," 1.3615"," 1.3711"," -0.0235","-2.4724"," 9.715","11.884"," -0.7815"," 6.40508"
"383","ID383"," 6.1678",0,"C","A","B","A","0","1"," 2.31005"," 3.5467"," 4","-0.88921"," -2.4460","  0.89264"," 5.54446"," 7.71284","  1.9810"," 2.05102"," 6.6612"," 6.7629"," 3.9810","  1.1659"," 2.1782"," 5.861","10.353"," -0.2698"," 7.27806"
"384","ID384"," 7.7451",1,"C","A","C","A","0","1"," 4.21929","-0.4816"," 0"," 1.12651","  0.7422"," 10.61303","-5.35720"," 0.13277"," -1.2870","-0.50607","-3.3320"," 6.0616"," 2.3480","  5.4861"," 6.8428"," 4.629"," 3.163","  0.6329"," 2.55297"
"385","ID385"," 7.6196",1,"C","B","A","C","1","1"," 3.42299"," 4.3570"," 5","-0.70683","  1.4442","  0.92986"," 4.33092","10.89377","  5.3638"," 1.14068"," 6.7788"," 8.3021"," 8.6753"," -3.4525"," 6.2731"," 1.459"," 5.548","  3.4248","12.65756"
"386","ID386"," 2.9058",0,"B","A","A","A","0","1","-0.76775","-0.6401"," 0"," 3.81847","  3.8892"," -0.43028","-4.44398","-0.88025","  3.9132"," 2.02829","-2.2721"," 4.3282"," 3.7108","  4.3046","-1.0179"," 2.454"," 2.584","  8.2489"," 3.29761"
"387","ID387"," 7.3455",1,"C","A","B","A","1","1"," 2.85497"," 2.3424"," 5"," 2.27591","  5.3085"," -1.89638","-0.99037"," 8.61137","  0.9362"," 5.57246"," 0.2876"," 6.0580","12.1731"," -3.0807"," 6.5920"," 4.202","11.928","  5.0137","16.66649"
"388","ID388","11.6409",1,"D","B","B","A","1","0"," 6.08372"," 4.5947"," 5"," 2.12301","  4.7500"," 10.58053"," 4.79167"," 7.30995","  7.5241","-0.53861"," 8.7987"," 9.2626","14.5176","  2.0476"," 8.2663"," 5.112","12.814"," 11.1162"," 7.10311"
"389","ID389","13.5538",1,"C","A","B","A","1","0"," 5.33129"," 2.7932"," 6","-6.81425"," -9.1807","  7.28503","-0.29718","10.47214"," -2.5501","-2.61876","-0.8049"," 8.4968","36.3897"," -5.6162"," 9.0188"," 4.633","13.532"," -7.6612"," 4.73977"
"390","ID390","11.5713",1,"C","A","A","A","1","1"," 6.42446"," 8.1497"," 8"," 2.85191","  3.4647","  7.08240"," 4.85646","14.06631"," 11.7066"," 0.19983"," 9.0300","11.8509","26.0623"," -1.5294"," 9.2707"," 3.404","11.751"," 15.1582","15.80335"
"391","ID391","11.4785",0,"A","C","B","A","1","1"," 7.88591"," 6.7320"," 9","-2.26196"," -2.9664"," 11.99332","12.95946","19.90545","  3.4116","11.41436","13.5009","12.3931","29.0991"," -2.7972","10.7615"," 3.684","13.771","  0.2486","35.01629"
"392","ID392"," 3.8029",0,"C","A","B","C","0","0"," 1.51917"," 1.2546"," 1","-0.39930","  0.7272","  2.46389"," 2.83581"," 0.91494","  1.4276"," 1.90206"," 1.2224"," 2.8547","-0.8792"," -6.4178"," 3.0093","10.869","12.214","  2.2358"," 2.45846"
"393","ID393"," 4.7690",0,"B","B","C","A","0","0","-0.93776"," 0.2359"," 0","-2.03612"," -4.3396"," -1.33956","-1.09068","-0.41598","  0.8156"," 6.51765"," 0.6252"," 1.2930"," 1.6019"," -1.8947","-1.3402"," 5.396"," 4.573"," -2.0893"," 7.58148"
"394","ID394"," 6.2571",0,"C","A","C","A","1","1"," 4.65458"," 5.7246"," 3","-0.31865"," -2.2125","  7.78768","10.55631"," 8.61651","  4.0798","11.66194"," 9.1748"," 8.3884","12.6078"," -4.1920"," 6.7908"," 4.531","11.194","  5.4505","22.35509"
"395","ID395","10.9712",1,"B","A","A","A","1","0"," 5.36410"," 4.5773"," 7","-7.08356"," -9.5254","  5.77063"," 4.64783","12.13848"," -2.5145","10.95411"," 5.9537"," 8.7010","35.9666","-13.1374"," 9.1880"," 2.801","12.073"," -8.1040","20.81980"
"396","ID396"," 1.9462",0,"C","A","B","A","0","0","-0.56315","-1.6444"," 0","-3.62985"," -7.0436"," -1.20781","-2.29235"," 1.50251"," -2.7753"," 1.15274","-2.2348"," 1.6028"," 5.0238"," -1.6868","-1.2649"," 3.896"," 6.046"," -5.6547"," 3.93266"
"397","ID397"," 4.0245",0,"D","A","C","A","0","0"," 1.07675"," 1.5957"," 1"," 4.15147","  4.1443","  0.14386"," 1.12660","-0.15592","  4.1511","-2.02339"," 0.5783"," 3.1424"," 5.6293","  3.2659"," 2.5455"," 5.192"," 6.233","  9.5302","-1.52345"
"398","ID398"," 3.5907",1,"A","A","C","A","0","1"," 0.24470","-2.1119"," 0","-2.75453"," -0.4245"," -1.03122"," 2.07950"," 0.67659"," -6.7757","-0.64147"," 4.1544"," 2.0575"," 2.6650"," -4.5763"," 2.9949"," 4.516"," 4.550"," -9.8250"," 3.13710"
"399","ID399"," 4.2157",0,"C","C","A","A","0","0"," 5.39517"," 6.0075"," 2","-4.00556"," -7.7313"," 12.00028"," 5.49499"," 6.30632","  0.3714","11.29351"," 7.2102","10.4262","-2.6321"," -3.1151"," 3.9784"," 4.084"," 6.341"," -2.7977","15.75019"
"400","ID400"," 5.9252",1,"C","A","B","A","1","1"," 1.60057"," 1.9475"," 6"," 2.69883","  2.0251"," -9.01460","-0.34119","14.87052","  1.3131"," 0.80260"," 3.4264"," 4.9680"," 8.8617","  1.5010"," 4.5945"," 6.776","13.262","  5.7453","14.45367"
